"FullName","Length","LastWriteTime"
"D:\AI TRANSLATOR\ORT_Translation_v8_8_1\APPLY_ORT_V9_0_5_R2_REAZON_REPAIR.bat","1045","7/25/2026 12:09:02 PM"
"D:\AI TRANSLATOR\ORT_Translation_v8_8_1\APPLY_ORT_V9_0_5_R2_REAZON_REPAIR.py","2438","7/25/2026 12:09:50 PM"
"D:\AI TRANSLATOR\ORT_Translation_v8_8_1\ORT_MINISBD_DIAGNOSTIC.txt","755","7/25/2026 9:13:26 PM"
"D:\AI TRANSLATOR\ORT_Translation_v8_8_1\models\opus_mt_en_id_native\decoder.yml","265","12/18/2019 10:21:08 PM"
"D:\AI TRANSLATOR\ORT_Translation_v8_8_1\ORT\backups\ORT_V9_0_4_R3_REAZON_BRIDGE_PREVIEW_REPAIR_20260724_234508\ORT\docs\changelog\CHANGELOG_V9_0_4.md","1584","7/24/2026 3:56:58 PM"
"D:\AI TRANSLATOR\ORT_Translation_v8_8_1\ORT\backups\ORT_V9_0_4_R3_REAZON_BRIDGE_PREVIEW_REPAIR_20260724_234508\ORT\release\SHA256SUMS_V9_0_4.json","7392","7/24/2026 11:07:38 PM"
"D:\AI TRANSLATOR\ORT_Translation_v8_8_1\ORT\backups\ORT_V9_0_4_R3_REAZON_BRIDGE_PREVIEW_REPAIR_20260724_234508\ORT_App\audio_main.py","117689","7/24/2026 4:01:32 PM"
"D:\AI TRANSLATOR\ORT_Translation_v8_8_1\ORT\backups\ORT_V9_0_4_R3_REAZON_BRIDGE_PREVIEW_REPAIR_20260724_234508\ORT_App\audio_translation_sidecar.py","15612","7/24/2026 3:44:32 PM"
"D:\AI TRANSLATOR\ORT_Translation_v8_8_1\ORT\backups\ORT_V9_0_4_R3_REAZON_BRIDGE_PREVIEW_REPAIR_20260724_234508\ORT_App\webui.py","161498","7/24/2026 3:51:44 PM"
"D:\AI TRANSLATOR\ORT_Translation_v8_8_1\ORT\backups\ORT_V9_0_4_R3_REAZON_BRIDGE_PREVIEW_REPAIR_20260724_234508\ORT_App\app\audio\asr_provider_registry.py","11577","7/24/2026 3:56:28 PM"
"D:\AI TRANSLATOR\ORT_Translation_v8_8_1\ORT\backups\ORT_V9_0_4_R3_REAZON_BRIDGE_PREVIEW_REPAIR_20260724_234508\ORT_App\tools\setup_v9_0_4_audio_providers.py","4457","7/24/2026 3:56:28 PM"
"D:\AI TRANSLATOR\ORT_Translation_v8_8_1\ORT\backups\ORT_V9_0_4_R3_REAZON_BRIDGE_PREVIEW_REPAIR_20260724_234508\ORT_App\tools\v9_0_4_cloud_locked_provider_benchmark_test.py","4290","7/24/2026 3:54:08 PM"
"D:\AI TRANSLATOR\ORT_Translation_v8_8_1\ORT\backups\ORT_V9_0_4_R3_REAZON_BRIDGE_PREVIEW_REPAIR_20260724_234632\ORT\docs\changelog\CHANGELOG_V9_0_4.md","1584","7/24/2026 3:56:58 PM"
"D:\AI TRANSLATOR\ORT_Translation_v8_8_1\ORT\backups\ORT_V9_0_4_R3_REAZON_BRIDGE_PREVIEW_REPAIR_20260724_234632\ORT\release\SHA256SUMS_V9_0_4.json","7392","7/24/2026 11:07:38 PM"
"D:\AI TRANSLATOR\ORT_Translation_v8_8_1\ORT\backups\ORT_V9_0_4_R3_REAZON_BRIDGE_PREVIEW_REPAIR_20260724_234632\ORT_App\audio_main.py","117689","7/24/2026 4:01:32 PM"
"D:\AI TRANSLATOR\ORT_Translation_v8_8_1\ORT\backups\ORT_V9_0_4_R3_REAZON_BRIDGE_PREVIEW_REPAIR_20260724_234632\ORT_App\audio_translation_sidecar.py","15612","7/24/2026 3:44:32 PM"
"D:\AI TRANSLATOR\ORT_Translation_v8_8_1\ORT\backups\ORT_V9_0_4_R3_REAZON_BRIDGE_PREVIEW_REPAIR_20260724_234632\ORT_App\webui.py","161498","7/24/2026 3:51:44 PM"
"D:\AI TRANSLATOR\ORT_Translation_v8_8_1\ORT\backups\ORT_V9_0_4_R3_REAZON_BRIDGE_PREVIEW_REPAIR_20260724_234632\ORT_App\app\audio\asr_provider_registry.py","11577","7/24/2026 3:56:28 PM"
"D:\AI TRANSLATOR\ORT_Translation_v8_8_1\ORT\backups\ORT_V9_0_4_R3_REAZON_BRIDGE_PREVIEW_REPAIR_20260724_234632\ORT_App\tools\setup_v9_0_4_audio_providers.py","4457","7/24/2026 3:56:28 PM"
"D:\AI TRANSLATOR\ORT_Translation_v8_8_1\ORT\backups\ORT_V9_0_4_R3_REAZON_BRIDGE_PREVIEW_REPAIR_20260724_234632\ORT_App\tools\v9_0_4_cloud_locked_provider_benchmark_test.py","4290","7/24/2026 3:54:08 PM"
"D:\AI TRANSLATOR\ORT_Translation_v8_8_1\ORT\backups\ORT_V9_0_4_R4_PROVIDER_SETUP_PROGRESS_STATUS_UI_20260725_002036\ORT_App\tools\v9_0_4_r3_reazon_bridge_preview_test.py","3030","7/24/2026 11:44:30 PM"
"D:\AI TRANSLATOR\ORT_Translation_v8_8_1\ORT\backups\ORT_V9_0_4_R4_PROVIDER_SETUP_PROGRESS_STATUS_UI_20260725_002044\ORT_App\tools\v9_0_4_r3_reazon_bridge_preview_test.py","3030","7/24/2026 11:44:30 PM"
"D:\AI TRANSLATOR\ORT_Translation_v8_8_1\ORT\backups\ORT_V9_0_4_R5_F2_REAZON_DIRECT_MANIFEST_20260725_020513\ORT\docs\changelog\CHANGELOG_V9_0_4.md","837","7/25/2026 1:33:27 AM"
"D:\AI TRANSLATOR\ORT_Translation_v8_8_1\ORT\backups\ORT_V9_0_4_R5_F2_REAZON_DIRECT_MANIFEST_20260725_020513\ORT\release\SHA256SUMS_V9_0_4.json","7906","7/25/2026 1:33:48 AM"
"D:\AI TRANSLATOR\ORT_Translation_v8_8_1\ORT\backups\ORT_V9_0_4_R5_F2_REAZON_DIRECT_MANIFEST_20260725_020513\ORT_App\app\audio\asr_provider_registry.py","17240","7/24/2026 5:07:46 PM"
"D:\AI TRANSLATOR\ORT_Translation_v8_8_1\ORT\backups\ORT_V9_0_4_R5_F2_REAZON_DIRECT_MANIFEST_20260725_020513\ORT_App\app\audio\locked_asr_adapter.py","14813","7/24/2026 3:56:28 PM"
"D:\AI TRANSLATOR\ORT_Translation_v8_8_1\ORT\backups\ORT_V9_0_4_R5_F2_REAZON_DIRECT_MANIFEST_20260725_020513\ORT_App\tools\setup_v9_0_4_audio_providers.py","29312","7/25/2026 1:33:27 AM"
"D:\AI TRANSLATOR\ORT_Translation_v8_8_1\ORT\backups\ORT_V9_0_4_R5_F2_REAZON_DIRECT_MANIFEST_20260725_021036\ORT\docs\changelog\CHANGELOG_V9_0_4.md","837","7/25/2026 1:33:27 AM"
"D:\AI TRANSLATOR\ORT_Translation_v8_8_1\ORT\backups\ORT_V9_0_4_R5_F2_REAZON_DIRECT_MANIFEST_20260725_021036\ORT\release\SHA256SUMS_V9_0_4.json","7906","7/25/2026 1:33:48 AM"
"D:\AI TRANSLATOR\ORT_Translation_v8_8_1\ORT\backups\ORT_V9_0_4_R5_F2_REAZON_DIRECT_MANIFEST_20260725_021036\ORT_App\app\audio\asr_provider_registry.py","17240","7/24/2026 5:07:46 PM"
"D:\AI TRANSLATOR\ORT_Translation_v8_8_1\ORT\backups\ORT_V9_0_4_R5_F2_REAZON_DIRECT_MANIFEST_20260725_021036\ORT_App\app\audio\locked_asr_adapter.py","14813","7/24/2026 3:56:28 PM"
"D:\AI TRANSLATOR\ORT_Translation_v8_8_1\ORT\backups\ORT_V9_0_4_R5_F2_REAZON_DIRECT_MANIFEST_20260725_021036\ORT_App\tools\setup_v9_0_4_audio_providers.py","29312","7/25/2026 1:33:27 AM"
"D:\AI TRANSLATOR\ORT_Translation_v8_8_1\ORT\backups\v9_0_5_r2_20260725_194009\ORT_App\tools\v9_0_4_r5_f2_reazon_direct_manifest_test.py","3388","7/25/2026 11:49:28 AM"
"D:\AI TRANSLATOR\ORT_Translation_v8_8_1\ORT\maintenance\apply_v9_0_4_r3_reazon_bridge_preview.py","8532","7/24/2026 11:44:30 PM"
"D:\AI TRANSLATOR\ORT_Translation_v8_8_1\ORT\maintenance\apply_v9_0_4_r5_f2_reazon_direct_manifest.py","12302","7/24/2026 6:59:28 PM"
"D:\AI TRANSLATOR\ORT_Translation_v8_8_1\ORT\patch_payload\v9_0_4_r5_f2\ORT_App\tools\v9_0_4_r5_f2_reazon_direct_manifest_test.py","3404","7/24/2026 6:59:28 PM"
"D:\AI TRANSLATOR\ORT_Translation_v8_8_1\ORT\patch_payload\v9_0_5\ORT_App\tools\v9_0_4_r5_f2_reazon_direct_manifest_test.py","3404","7/25/2026 4:10:24 AM"
"D:\AI TRANSLATOR\ORT_Translation_v8_8_1\ORT\patch_payload\v9_0_5_r1\ORT_App\tools\v9_0_4_r5_f2_reazon_direct_manifest_test.py","3388","7/25/2026 11:49:28 AM"
"D:\AI TRANSLATOR\ORT_Translation_v8_8_1\ORT_App\tools\reazon_offline_model_tool.py","4536","7/25/2026 12:11:46 PM"
"D:\AI TRANSLATOR\ORT_Translation_v8_8_1\ORT_App\tools\v9_0_4_r3_reazon_bridge_preview_test.py","3068","7/24/2026 5:12:36 PM"
"D:\AI TRANSLATOR\ORT_Translation_v8_8_1\ORT_App\tools\v9_0_4_r5_f2_reazon_direct_manifest_test.py","3388","7/25/2026 11:49:28 AM"
"D:\AI TRANSLATOR\ORT_Translation_v8_8_1\ORT_App\tools\v9_0_5_r2_reazon_offline_cuda_repair_test.py","2024","7/25/2026 1:08:04 PM"
"D:\AI TRANSLATOR\ORT_Translation_v8_8_1\ORT_App\tools\__pycache__\reazon_offline_model_tool.cpython-312.pyc","6593","7/25/2026 8:32:53 PM"
"D:\AI TRANSLATOR\ORT_Translation_v8_8_1\ORT_App\tools\__pycache__\v9_0_5_r2_reazon_offline_cuda_repair_test.cpython-312.pyc","2864","7/25/2026 8:32:53 PM"
"D:\AI TRANSLATOR\ORT_Translation_v8_8_1\ORT_Runtime\.venv\Lib\site-packages\fastapi\encoders.py","11683","5/18/2026 4:43:29 PM"
"D:\AI TRANSLATOR\ORT_Translation_v8_8_1\ORT_Runtime\.venv\Lib\site-packages\fastapi\__pycache__\encoders.cpython-312.pyc","11545","5/18/2026 4:43:29 PM"
"D:\AI TRANSLATOR\ORT_Translation_v8_8_1\ORT_Runtime\.venv\Lib\site-packages\google\protobuf\internal\decoder.py","38007","5/18/2026 4:42:32 PM"
"D:\AI TRANSLATOR\ORT_Translation_v8_8_1\ORT_Runtime\.venv\Lib\site-packages\google\protobuf\internal\encoder.py","27297","5/18/2026 4:42:32 PM"
"D:\AI TRANSLATOR\ORT_Translation_v8_8_1\ORT_Runtime\.venv\Lib\site-packages\google\protobuf\internal\__pycache__\decoder.cpython-312.pyc","37257","5/18/2026 4:42:32 PM"
"D:\AI TRANSLATOR\ORT_Translation_v8_8_1\ORT_Runtime\.venv\Lib\site-packages\google\protobuf\internal\__pycache__\encoder.cpython-312.pyc","32623","5/18/2026 4:42:32 PM"
"D:\AI TRANSLATOR\ORT_Translation_v8_8_1\ORT_Runtime\.venv\Lib\site-packages\httpx\_decoders.py","12041","5/18/2026 4:43:26 PM"
"D:\AI TRANSLATOR\ORT_Translation_v8_8_1\ORT_Runtime\.venv\Lib\site-packages\httpx\__pycache__\_decoders.cpython-312.pyc","16738","5/18/2026 4:43:26 PM"
"D:\AI TRANSLATOR\ORT_Translation_v8_8_1\ORT_Runtime\.venv\Lib\site-packages\minisbd\inference.py","1594","5/18/2026 4:43:26 PM"
"D:\AI TRANSLATOR\ORT_Translation_v8_8_1\ORT_Runtime\.venv\Lib\site-packages\minisbd\minisbd.py","1003","5/18/2026 4:43:26 PM"
"D:\AI TRANSLATOR\ORT_Translation_v8_8_1\ORT_Runtime\.venv\Lib\site-packages\minisbd\models.py","4954","5/18/2026 4:43:26 PM"
"D:\AI TRANSLATOR\ORT_Translation_v8_8_1\ORT_Runtime\.venv\Lib\site-packages\minisbd\__init__.py","61","5/18/2026 4:43:26 PM"
"D:\AI TRANSLATOR\ORT_Translation_v8_8_1\ORT_Runtime\.venv\Lib\site-packages\minisbd\modules\CREDITS.txt","108","5/18/2026 4:43:26 PM"
"D:\AI TRANSLATOR\ORT_Translation_v8_8_1\ORT_Runtime\.venv\Lib\site-packages\minisbd\modules\data.py","10312","5/18/2026 4:43:26 PM"
"D:\AI TRANSLATOR\ORT_Translation_v8_8_1\ORT_Runtime\.venv\Lib\site-packages\minisbd\modules\dictionary.py","1399","5/18/2026 4:43:26 PM"
"D:\AI TRANSLATOR\ORT_Translation_v8_8_1\ORT_Runtime\.venv\Lib\site-packages\minisbd\modules\inference.py","11400","5/18/2026 4:43:26 PM"
"D:\AI TRANSLATOR\ORT_Translation_v8_8_1\ORT_Runtime\.venv\Lib\site-packages\minisbd\modules\LICENSE.txt","602","5/18/2026 4:43:26 PM"
"D:\AI TRANSLATOR\ORT_Translation_v8_8_1\ORT_Runtime\.venv\Lib\site-packages\minisbd\modules\vocab.py","3878","5/18/2026 4:43:26 PM"
"D:\AI TRANSLATOR\ORT_Translation_v8_8_1\ORT_Runtime\.venv\Lib\site-packages\minisbd\modules\__init__.py","91","5/18/2026 4:43:26 PM"
"D:\AI TRANSLATOR\ORT_Translation_v8_8_1\ORT_Runtime\.venv\Lib\site-packages\minisbd\modules\__pycache__\data.cpython-312.pyc","15646","5/18/2026 4:43:26 PM"
"D:\AI TRANSLATOR\ORT_Translation_v8_8_1\ORT_Runtime\.venv\Lib\site-packages\minisbd\modules\__pycache__\dictionary.cpython-312.pyc","1933","5/18/2026 4:43:26 PM"
"D:\AI TRANSLATOR\ORT_Translation_v8_8_1\ORT_Runtime\.venv\Lib\site-packages\minisbd\modules\__pycache__\inference.cpython-312.pyc","12969","5/18/2026 4:43:26 PM"
"D:\AI TRANSLATOR\ORT_Translation_v8_8_1\ORT_Runtime\.venv\Lib\site-packages\minisbd\modules\__pycache__\vocab.cpython-312.pyc","7238","5/18/2026 4:43:26 PM"
"D:\AI TRANSLATOR\ORT_Translation_v8_8_1\ORT_Runtime\.venv\Lib\site-packages\minisbd\modules\__pycache__\__init__.cpython-312.pyc","272","5/18/2026 4:43:26 PM"
"D:\AI TRANSLATOR\ORT_Translation_v8_8_1\ORT_Runtime\.venv\Lib\site-packages\minisbd\__pycache__\inference.cpython-312.pyc","2459","5/18/2026 4:43:26 PM"
"D:\AI TRANSLATOR\ORT_Translation_v8_8_1\ORT_Runtime\.venv\Lib\site-packages\minisbd\__pycache__\minisbd.cpython-312.pyc","1879","5/18/2026 4:43:26 PM"
"D:\AI TRANSLATOR\ORT_Translation_v8_8_1\ORT_Runtime\.venv\Lib\site-packages\minisbd\__pycache__\models.cpython-312.pyc","7423","5/18/2026 4:43:26 PM"
"D:\AI TRANSLATOR\ORT_Translation_v8_8_1\ORT_Runtime\.venv\Lib\site-packages\minisbd\__pycache__\__init__.cpython-312.pyc","247","5/18/2026 4:43:26 PM"
"D:\AI TRANSLATOR\ORT_Translation_v8_8_1\ORT_Runtime\.venv\Lib\site-packages\minisbd-0.9.5.dist-info\INSTALLER","4","5/18/2026 4:43:26 PM"
"D:\AI TRANSLATOR\ORT_Translation_v8_8_1\ORT_Runtime\.venv\Lib\site-packages\minisbd-0.9.5.dist-info\METADATA","47200","5/18/2026 4:43:26 PM"
"D:\AI TRANSLATOR\ORT_Translation_v8_8_1\ORT_Runtime\.venv\Lib\site-packages\minisbd-0.9.5.dist-info\RECORD","1756","5/18/2026 4:43:26 PM"
"D:\AI TRANSLATOR\ORT_Translation_v8_8_1\ORT_Runtime\.venv\Lib\site-packages\minisbd-0.9.5.dist-info\WHEEL","87","5/18/2026 4:43:26 PM"
"D:\AI TRANSLATOR\ORT_Translation_v8_8_1\ORT_Runtime\.venv\Lib\site-packages\minisbd-0.9.5.dist-info\licenses\LICENSE","34522","5/18/2026 4:43:26 PM"
"D:\AI TRANSLATOR\ORT_Translation_v8_8_1\ORT_Runtime\.venv\Lib\site-packages\multipart\decoders.py","40","5/18/2026 4:42:30 PM"
"D:\AI TRANSLATOR\ORT_Translation_v8_8_1\ORT_Runtime\.venv\Lib\site-packages\multipart\__pycache__\decoders.cpython-312.pyc","218","5/18/2026 4:42:30 PM"
"D:\AI TRANSLATOR\ORT_Translation_v8_8_1\ORT_Runtime\.venv\Lib\site-packages\onnxruntime\transformers\models\sam2\image_decoder.py","11093","5/18/2026 4:42:51 PM"
"D:\AI TRANSLATOR\ORT_Translation_v8_8_1\ORT_Runtime\.venv\Lib\site-packages\onnxruntime\transformers\models\sam2\image_encoder.py","9788","5/18/2026 4:42:51 PM"
"D:\AI TRANSLATOR\ORT_Translation_v8_8_1\ORT_Runtime\.venv\Lib\site-packages\onnxruntime\transformers\models\sam2\mask_decoder.py","9066","5/18/2026 4:42:51 PM"
"D:\AI TRANSLATOR\ORT_Translation_v8_8_1\ORT_Runtime\.venv\Lib\site-packages\onnxruntime\transformers\models\sam2\prompt_encoder.py","8530","5/18/2026 4:42:51 PM"
"D:\AI TRANSLATOR\ORT_Translation_v8_8_1\ORT_Runtime\.venv\Lib\site-packages\onnxruntime\transformers\models\sam2\__pycache__\image_decoder.cpython-312.pyc","12335","5/18/2026 4:42:52 PM"
"D:\AI TRANSLATOR\ORT_Translation_v8_8_1\ORT_Runtime\.venv\Lib\site-packages\onnxruntime\transformers\models\sam2\__pycache__\image_encoder.cpython-312.pyc","11097","5/18/2026 4:42:52 PM"
"D:\AI TRANSLATOR\ORT_Translation_v8_8_1\ORT_Runtime\.venv\Lib\site-packages\onnxruntime\transformers\models\sam2\__pycache__\mask_decoder.cpython-312.pyc","10074","5/18/2026 4:42:52 PM"
"D:\AI TRANSLATOR\ORT_Translation_v8_8_1\ORT_Runtime\.venv\Lib\site-packages\onnxruntime\transformers\models\sam2\__pycache__\prompt_encoder.cpython-312.pyc","10714","5/18/2026 4:42:52 PM"
"D:\AI TRANSLATOR\ORT_Translation_v8_8_1\ORT_Runtime\.venv\Lib\site-packages\onnxruntime\transformers\models\t5\t5_decoder.py","17188","5/18/2026 4:42:51 PM"
"D:\AI TRANSLATOR\ORT_Translation_v8_8_1\ORT_Runtime\.venv\Lib\site-packages\onnxruntime\transformers\models\t5\t5_encoder.py","2319","5/18/2026 4:42:51 PM"
"D:\AI TRANSLATOR\ORT_Translation_v8_8_1\ORT_Runtime\.venv\Lib\site-packages\onnxruntime\transformers\models\t5\t5_encoder_decoder_init.py","15421","5/18/2026 4:42:51 PM"
"D:\AI TRANSLATOR\ORT_Translation_v8_8_1\ORT_Runtime\.venv\Lib\site-packages\onnxruntime\transformers\models\t5\__pycache__\t5_decoder.cpython-312.pyc","16920","5/18/2026 4:42:52 PM"
"D:\AI TRANSLATOR\ORT_Translation_v8_8_1\ORT_Runtime\.venv\Lib\site-packages\onnxruntime\transformers\models\t5\__pycache__\t5_encoder.cpython-312.pyc","3235","5/18/2026 4:42:52 PM"
"D:\AI TRANSLATOR\ORT_Translation_v8_8_1\ORT_Runtime\.venv\Lib\site-packages\onnxruntime\transformers\models\t5\__pycache__\t5_encoder_decoder_init.cpython-312.pyc","15253","5/18/2026 4:42:52 PM"
"D:\AI TRANSLATOR\ORT_Translation_v8_8_1\ORT_Runtime\.venv\Lib\site-packages\onnxruntime\transformers\models\whisper\whisper_decoder.py","21893","5/18/2026 4:42:51 PM"
"D:\AI TRANSLATOR\ORT_Translation_v8_8_1\ORT_Runtime\.venv\Lib\site-packages\onnxruntime\transformers\models\whisper\whisper_encoder.py","6373","5/18/2026 4:42:51 PM"
"D:\AI TRANSLATOR\ORT_Translation_v8_8_1\ORT_Runtime\.venv\Lib\site-packages\onnxruntime\transformers\models\whisper\whisper_encoder_decoder_init.py","16833","5/18/2026 4:42:51 PM"
"D:\AI TRANSLATOR\ORT_Translation_v8_8_1\ORT_Runtime\.venv\Lib\site-packages\onnxruntime\transformers\models\whisper\__pycache__\whisper_decoder.cpython-312.pyc","20235","5/18/2026 4:42:52 PM"
"D:\AI TRANSLATOR\ORT_Translation_v8_8_1\ORT_Runtime\.venv\Lib\site-packages\onnxruntime\transformers\models\whisper\__pycache__\whisper_encoder.cpython-312.pyc","6753","5/18/2026 4:42:52 PM"
"D:\AI TRANSLATOR\ORT_Translation_v8_8_1\ORT_Runtime\.venv\Lib\site-packages\onnxruntime\transformers\models\whisper\__pycache__\whisper_encoder_decoder_init.cpython-312.pyc","16932","5/18/2026 4:42:52 PM"
"D:\AI TRANSLATOR\ORT_Translation_v8_8_1\ORT_Runtime\.venv\Lib\site-packages\PyQt5\bindings\QtMultimedia\qaudiodecoder.sip","2663","5/18/2026 4:42:48 PM"
"D:\AI TRANSLATOR\ORT_Translation_v8_8_1\ORT_Runtime\.venv\Lib\site-packages\PyQt5\bindings\QtMultimedia\qaudiodecodercontrol.sip","2249","5/18/2026 4:42:48 PM"
"D:\AI TRANSLATOR\ORT_Translation_v8_8_1\ORT_Runtime\.venv\Lib\site-packages\PyQt5\bindings\QtMultimedia\qaudioencodersettingscontrol.sip","1670","5/18/2026 4:42:48 PM"
"D:\AI TRANSLATOR\ORT_Translation_v8_8_1\ORT_Runtime\.venv\Lib\site-packages\PyQt5\bindings\QtMultimedia\qimageencodercontrol.sip","1633","5/18/2026 4:42:48 PM"
"D:\AI TRANSLATOR\ORT_Translation_v8_8_1\ORT_Runtime\.venv\Lib\site-packages\PyQt5\bindings\QtMultimedia\qmediaencodersettings.sip","4158","5/18/2026 4:42:48 PM"
"D:\AI TRANSLATOR\ORT_Translation_v8_8_1\ORT_Runtime\.venv\Lib\site-packages\PyQt5\bindings\QtMultimedia\qvideoencodersettingscontrol.sip","1792","5/18/2026 4:42:49 PM"
"D:\AI TRANSLATOR\ORT_Translation_v8_8_1\ORT_Runtime\.venv\Lib\site-packages\python_multipart\decoders.py","6676","5/18/2026 4:42:30 PM"
"D:\AI TRANSLATOR\ORT_Translation_v8_8_1\ORT_Runtime\.venv\Lib\site-packages\python_multipart\__pycache__\decoders.cpython-312.pyc","8346","5/18/2026 4:42:30 PM"
"D:\AI TRANSLATOR\ORT_Translation_v8_8_1\ORT_Runtime\.venv\Lib\site-packages\srsly\ruamel_yaml\tokens.py","7757","5/18/2026 4:42:40 PM"
"D:\AI TRANSLATOR\ORT_Translation_v8_8_1\ORT_Runtime\.venv\Lib\site-packages\srsly\ruamel_yaml\__pycache__\tokens.cpython-312.pyc","10881","5/18/2026 4:42:41 PM"
"D:\AI TRANSLATOR\ORT_Translation_v8_8_1\ORT_Runtime\.venv\Lib\site-packages\stanza\models\coref\pairwise_encoder.py","3863","5/18/2026 4:43:27 PM"
"D:\AI TRANSLATOR\ORT_Translation_v8_8_1\ORT_Runtime\.venv\Lib\site-packages\stanza\models\coref\word_encoder.py","4040","5/18/2026 4:43:27 PM"
"D:\AI TRANSLATOR\ORT_Translation_v8_8_1\ORT_Runtime\.venv\Lib\site-packages\stanza\models\coref\__pycache__\pairwise_encoder.cpython-312.pyc","5777","5/18/2026 4:43:28 PM"
"D:\AI TRANSLATOR\ORT_Translation_v8_8_1\ORT_Runtime\.venv\Lib\site-packages\stanza\models\coref\__pycache__\word_encoder.cpython-312.pyc","5810","5/18/2026 4:43:28 PM"
"D:\AI TRANSLATOR\ORT_Translation_v8_8_1\ORT_Runtime\.venv\Lib\site-packages\stanza\server\tokensregex.py","1356","5/18/2026 4:43:27 PM"
"D:\AI TRANSLATOR\ORT_Translation_v8_8_1\ORT_Runtime\.venv\Lib\site-packages\stanza\server\__pycache__\tokensregex.cpython-312.pyc","2234","5/18/2026 4:43:28 PM"
"D:\AI TRANSLATOR\ORT_Translation_v8_8_1\ORT_Runtime\.venv\Lib\site-packages\stanza\tests\server\test_tokensregex.py","1334","5/18/2026 4:43:27 PM"
"D:\AI TRANSLATOR\ORT_Translation_v8_8_1\ORT_Runtime\.venv\Lib\site-packages\stanza\tests\server\__pycache__\test_tokensregex.cpython-312.pyc","2632","5/18/2026 4:43:28 PM"
"D:\AI TRANSLATOR\ORT_Translation_v8_8_1\ORT_Runtime\.venv\Lib\site-packages\stanza\tests\tokenization\test_replace_long_tokens.py","1072","5/18/2026 4:43:27 PM"
"D:\AI TRANSLATOR\ORT_Translation_v8_8_1\ORT_Runtime\.venv\Lib\site-packages\stanza\tests\tokenization\__pycache__\test_replace_long_tokens.cpython-312.pyc","1993","5/18/2026 4:43:29 PM"
"D:\AI TRANSLATOR\ORT_Translation_v8_8_1\ORT_Runtime\.venv\Lib\site-packages\torch\export\_remove_effect_tokens_pass.py","6104","5/19/2026 4:43:31 PM"
"D:\AI TRANSLATOR\ORT_Translation_v8_8_1\ORT_Runtime\.venv\Lib\site-packages\torch\export\__pycache__\_remove_effect_tokens_pass.cpython-312.pyc","7780","5/19/2026 4:44:00 PM"
"D:\AI TRANSLATOR\ORT_Translation_v8_8_1\ORT_Runtime\.venv\Lib\site-packages\torch\include\ATen\ops\_transformer_encoder_layer_fwd.h","4649","5/19/2026 4:43:32 PM"
"D:\AI TRANSLATOR\ORT_Translation_v8_8_1\ORT_Runtime\.venv\Lib\site-packages\torch\include\ATen\ops\_transformer_encoder_layer_fwd_compositeexplicitautograd_dispatch.h","2039","5/19/2026 4:43:32 PM"
"D:\AI TRANSLATOR\ORT_Translation_v8_8_1\ORT_Runtime\.venv\Lib\site-packages\torch\include\ATen\ops\_transformer_encoder_layer_fwd_cpu_dispatch.h","1326","5/19/2026 4:43:32 PM"
"D:\AI TRANSLATOR\ORT_Translation_v8_8_1\ORT_Runtime\.venv\Lib\site-packages\torch\include\ATen\ops\_transformer_encoder_layer_fwd_cuda_dispatch.h","1328","5/19/2026 4:43:32 PM"
"D:\AI TRANSLATOR\ORT_Translation_v8_8_1\ORT_Runtime\.venv\Lib\site-packages\torch\include\ATen\ops\_transformer_encoder_layer_fwd_native.h","1727","5/19/2026 4:43:32 PM"
"D:\AI TRANSLATOR\ORT_Translation_v8_8_1\ORT_Runtime\.venv\Lib\site-packages\torch\include\ATen\ops\_transformer_encoder_layer_fwd_ops.h","5319","5/19/2026 4:43:32 PM"
"D:\AI TRANSLATOR\ORT_Translation_v8_8_1\ORT_Runtime\.venv\Lib\site-packages\torch\utils\data\datapipes\iter\routeddecoder.py","2780","5/19/2026 4:43:57 PM"
"D:\AI TRANSLATOR\ORT_Translation_v8_8_1\ORT_Runtime\.venv\Lib\site-packages\torch\utils\data\datapipes\iter\__pycache__\routeddecoder.cpython-312.pyc","3971","5/19/2026 4:44:02 PM"
"D:\AI TRANSLATOR\ORT_Translation_v8_8_1\ORT_Runtime\.venv\Lib\site-packages\torch\utils\data\datapipes\utils\decoder.py","12373","5/19/2026 4:43:57 PM"
"D:\AI TRANSLATOR\ORT_Translation_v8_8_1\ORT_Runtime\.venv\Lib\site-packages\torch\utils\data\datapipes\utils\__pycache__\decoder.cpython-312.pyc","14348","5/19/2026 4:44:02 PM"
"D:\AI TRANSLATOR\ORT_Translation_v8_8_1\ORT_Runtime\.venv\Lib\site-packages\torchaudio\lib\libctc_prefix_decoder.pyd","4780032","5/19/2026 4:44:03 PM"
"D:\AI TRANSLATOR\ORT_Translation_v8_8_1\ORT_Runtime\.venv\Lib\site-packages\torchaudio\models\rnnt_decoder.py","13178","5/19/2026 4:44:03 PM"
"D:\AI TRANSLATOR\ORT_Translation_v8_8_1\ORT_Runtime\.venv\Lib\site-packages\torchaudio\models\decoder\_ctc_decoder.py","20650","5/19/2026 4:44:03 PM"
"D:\AI TRANSLATOR\ORT_Translation_v8_8_1\ORT_Runtime\.venv\Lib\site-packages\torchaudio\models\decoder\_cuda_ctc_decoder.py","7373","5/19/2026 4:44:03 PM"
"D:\AI TRANSLATOR\ORT_Translation_v8_8_1\ORT_Runtime\.venv\Lib\site-packages\torchaudio\models\decoder\__pycache__\_ctc_decoder.cpython-312.pyc","23545","5/19/2026 4:44:03 PM"
"D:\AI TRANSLATOR\ORT_Translation_v8_8_1\ORT_Runtime\.venv\Lib\site-packages\torchaudio\models\decoder\__pycache__\_cuda_ctc_decoder.cpython-312.pyc","9235","5/19/2026 4:44:03 PM"
"D:\AI TRANSLATOR\ORT_Translation_v8_8_1\ORT_Runtime\.venv\Lib\site-packages\torchaudio\models\__pycache__\rnnt_decoder.cpython-312.pyc","17609","5/19/2026 4:44:03 PM"
"D:\AI TRANSLATOR\ORT_Translation_v8_8_1\ORT_Runtime\.venv\Lib\site-packages\torchaudio\prototype\models\rnnt_decoder.py","16134","5/19/2026 4:44:03 PM"
"D:\AI TRANSLATOR\ORT_Translation_v8_8_1\ORT_Runtime\.venv\Lib\site-packages\torchaudio\prototype\models\__pycache__\rnnt_decoder.cpython-312.pyc","21834","5/19/2026 4:44:03 PM"
"D:\AI TRANSLATOR\ORT_Translation_v8_8_1\ORT_Runtime\.venv\Lib\site-packages\torchvision\io\_load_gpu_decoder.py","186","5/19/2026 4:44:02 PM"
"D:\AI TRANSLATOR\ORT_Translation_v8_8_1\ORT_Runtime\.venv\Lib\site-packages\torchvision\io\__pycache__\_load_gpu_decoder.cpython-312.pyc","423","5/19/2026 4:44:02 PM"
"D:\AI TRANSLATOR\ORT_Translation_v8_8_1\ORT_Runtime\.venv\Lib\site-packages\torio\io\_streaming_media_decoder.py","35354","5/19/2026 4:44:03 PM"
"D:\AI TRANSLATOR\ORT_Translation_v8_8_1\ORT_Runtime\.venv\Lib\site-packages\torio\io\_streaming_media_encoder.py","20224","5/19/2026 4:44:03 PM"
"D:\AI TRANSLATOR\ORT_Translation_v8_8_1\ORT_Runtime\.venv\Lib\site-packages\torio\io\__pycache__\_streaming_media_decoder.cpython-312.pyc","37183","5/19/2026 4:44:03 PM"
"D:\AI TRANSLATOR\ORT_Translation_v8_8_1\ORT_Runtime\.venv\Lib\site-packages\torio\io\__pycache__\_streaming_media_encoder.cpython-312.pyc","21762","5/19/2026 4:44:03 PM"
"D:\AI TRANSLATOR\ORT_Translation_v8_8_1\ORT_Runtime\.venv\Lib\site-packages\transformers\models\encoder_decoder\configuration_encoder_decoder.py","4512","5/19/2026 9:22:08 PM"
"D:\AI TRANSLATOR\ORT_Translation_v8_8_1\ORT_Runtime\.venv\Lib\site-packages\transformers\models\encoder_decoder\modeling_encoder_decoder.py","35473","5/19/2026 9:22:08 PM"
"D:\AI TRANSLATOR\ORT_Translation_v8_8_1\ORT_Runtime\.venv\Lib\site-packages\transformers\models\encoder_decoder\modeling_flax_encoder_decoder.py","43527","5/19/2026 9:22:08 PM"
"D:\AI TRANSLATOR\ORT_Translation_v8_8_1\ORT_Runtime\.venv\Lib\site-packages\transformers\models\encoder_decoder\modeling_tf_encoder_decoder.py","34306","5/19/2026 9:22:08 PM"
"D:\AI TRANSLATOR\ORT_Translation_v8_8_1\ORT_Runtime\.venv\Lib\site-packages\transformers\models\encoder_decoder\__pycache__\configuration_encoder_decoder.cpython-312.pyc","4736","5/19/2026 9:22:12 PM"
"D:\AI TRANSLATOR\ORT_Translation_v8_8_1\ORT_Runtime\.venv\Lib\site-packages\transformers\models\encoder_decoder\__pycache__\modeling_encoder_decoder.cpython-312.pyc","35681","5/19/2026 9:22:12 PM"
"D:\AI TRANSLATOR\ORT_Translation_v8_8_1\ORT_Runtime\.venv\Lib\site-packages\transformers\models\encoder_decoder\__pycache__\modeling_flax_encoder_decoder.cpython-312.pyc","41012","5/19/2026 9:22:12 PM"
"D:\AI TRANSLATOR\ORT_Translation_v8_8_1\ORT_Runtime\.venv\Lib\site-packages\transformers\models\encoder_decoder\__pycache__\modeling_tf_encoder_decoder.cpython-312.pyc","33072","5/19/2026 9:22:12 PM"
"D:\AI TRANSLATOR\ORT_Translation_v8_8_1\ORT_Runtime\.venv\Lib\site-packages\transformers\models\speech_encoder_decoder\configuration_speech_encoder_decoder.py","4575","5/19/2026 9:22:08 PM"
"D:\AI TRANSLATOR\ORT_Translation_v8_8_1\ORT_Runtime\.venv\Lib\site-packages\transformers\models\speech_encoder_decoder\modeling_flax_speech_encoder_decoder.py","44642","5/19/2026 9:22:08 PM"
"D:\AI TRANSLATOR\ORT_Translation_v8_8_1\ORT_Runtime\.venv\Lib\site-packages\transformers\models\speech_encoder_decoder\modeling_speech_encoder_decoder.py","31846","5/19/2026 9:22:08 PM"
"D:\AI TRANSLATOR\ORT_Translation_v8_8_1\ORT_Runtime\.venv\Lib\site-packages\transformers\models\speech_encoder_decoder\__pycache__\configuration_speech_encoder_decoder.cpython-312.pyc","4839","5/19/2026 9:22:15 PM"
"D:\AI TRANSLATOR\ORT_Translation_v8_8_1\ORT_Runtime\.venv\Lib\site-packages\transformers\models\speech_encoder_decoder\__pycache__\modeling_flax_speech_encoder_decoder.cpython-312.pyc","41986","5/19/2026 9:22:15 PM"
"D:\AI TRANSLATOR\ORT_Translation_v8_8_1\ORT_Runtime\.venv\Lib\site-packages\transformers\models\speech_encoder_decoder\__pycache__\modeling_speech_encoder_decoder.cpython-312.pyc","32019","5/19/2026 9:22:15 PM"
"D:\AI TRANSLATOR\ORT_Translation_v8_8_1\ORT_Runtime\.venv\Lib\site-packages\transformers\models\vision_encoder_decoder\configuration_vision_encoder_decoder.py","8273","5/19/2026 9:22:09 PM"
"D:\AI TRANSLATOR\ORT_Translation_v8_8_1\ORT_Runtime\.venv\Lib\site-packages\transformers\models\vision_encoder_decoder\modeling_flax_vision_encoder_decoder.py","41533","5/19/2026 9:22:09 PM"
"D:\AI TRANSLATOR\ORT_Translation_v8_8_1\ORT_Runtime\.venv\Lib\site-packages\transformers\models\vision_encoder_decoder\modeling_tf_vision_encoder_decoder.py","36237","5/19/2026 9:22:09 PM"
"D:\AI TRANSLATOR\ORT_Translation_v8_8_1\ORT_Runtime\.venv\Lib\site-packages\transformers\models\vision_encoder_decoder\modeling_vision_encoder_decoder.py","34677","5/19/2026 9:22:09 PM"
"D:\AI TRANSLATOR\ORT_Translation_v8_8_1\ORT_Runtime\.venv\Lib\site-packages\transformers\models\vision_encoder_decoder\__pycache__\configuration_vision_encoder_decoder.cpython-312.pyc","10012","5/19/2026 9:22:16 PM"
"D:\AI TRANSLATOR\ORT_Translation_v8_8_1\ORT_Runtime\.venv\Lib\site-packages\transformers\models\vision_encoder_decoder\__pycache__\modeling_flax_vision_encoder_decoder.cpython-312.pyc","38720","5/19/2026 9:22:16 PM"
"D:\AI TRANSLATOR\ORT_Translation_v8_8_1\ORT_Runtime\.venv\Lib\site-packages\transformers\models\vision_encoder_decoder\__pycache__\modeling_tf_vision_encoder_decoder.cpython-312.pyc","35350","5/19/2026 9:22:16 PM"
"D:\AI TRANSLATOR\ORT_Translation_v8_8_1\ORT_Runtime\.venv\Lib\site-packages\transformers\models\vision_encoder_decoder\__pycache__\modeling_vision_encoder_decoder.cpython-312.pyc","34572","5/19/2026 9:22:16 PM"
"D:\AI TRANSLATOR\ORT_Translation_v8_8_1\ORT_Runtime\.venv\Lib\site-packages\transformers\models\vision_text_dual_encoder\configuration_vision_text_dual_encoder.py","4895","5/19/2026 9:22:09 PM"
"D:\AI TRANSLATOR\ORT_Translation_v8_8_1\ORT_Runtime\.venv\Lib\site-packages\transformers\models\vision_text_dual_encoder\modeling_flax_vision_text_dual_encoder.py","26312","5/19/2026 9:22:09 PM"
"D:\AI TRANSLATOR\ORT_Translation_v8_8_1\ORT_Runtime\.venv\Lib\site-packages\transformers\models\vision_text_dual_encoder\modeling_tf_vision_text_dual_encoder.py","28640","5/19/2026 9:22:09 PM"
"D:\AI TRANSLATOR\ORT_Translation_v8_8_1\ORT_Runtime\.venv\Lib\site-packages\transformers\models\vision_text_dual_encoder\modeling_vision_text_dual_encoder.py","25199","5/19/2026 9:22:09 PM"
"D:\AI TRANSLATOR\ORT_Translation_v8_8_1\ORT_Runtime\.venv\Lib\site-packages\transformers\models\vision_text_dual_encoder\processing_vision_text_dual_encoder.py","6929","5/19/2026 9:22:09 PM"
"D:\AI TRANSLATOR\ORT_Translation_v8_8_1\ORT_Runtime\.venv\Lib\site-packages\transformers\models\vision_text_dual_encoder\__pycache__\configuration_vision_text_dual_encoder.cpython-312.pyc","5042","5/19/2026 9:22:16 PM"
"D:\AI TRANSLATOR\ORT_Translation_v8_8_1\ORT_Runtime\.venv\Lib\site-packages\transformers\models\vision_text_dual_encoder\__pycache__\modeling_flax_vision_text_dual_encoder.cpython-312.pyc","27434","5/19/2026 9:22:16 PM"
"D:\AI TRANSLATOR\ORT_Translation_v8_8_1\ORT_Runtime\.venv\Lib\site-packages\transformers\models\vision_text_dual_encoder\__pycache__\modeling_tf_vision_text_dual_encoder.cpython-312.pyc","28746","5/19/2026 9:22:16 PM"
"D:\AI TRANSLATOR\ORT_Translation_v8_8_1\ORT_Runtime\.venv\Lib\site-packages\transformers\models\vision_text_dual_encoder\__pycache__\modeling_vision_text_dual_encoder.cpython-312.pyc","24767","5/19/2026 9:22:16 PM"
"D:\AI TRANSLATOR\ORT_Translation_v8_8_1\ORT_Runtime\.venv\Lib\site-packages\transformers\models\vision_text_dual_encoder\__pycache__\processing_vision_text_dual_encoder.cpython-312.pyc","7476","5/19/2026 9:22:16 PM"
"D:\AI TRANSLATOR\ORT_Translation_v8_8_1\ORT_Runtime\.venv\Lib\site-packages\yaml\tokens.py","2573","5/18/2026 4:42:30 PM"
"D:\AI TRANSLATOR\ORT_Translation_v8_8_1\ORT_Runtime\.venv\Lib\site-packages\yaml\__pycache__\tokens.cpython-312.pyc","5766","5/18/2026 4:42:30 PM"
"D:\AI TRANSLATOR\ORT_Translation_v8_8_1\ORT_Runtime\audio_cpu\.venv\Lib\site-packages\functorch\dim\_py_inst_decoder.py","2158","7/25/2026 7:32:47 PM"
"D:\AI TRANSLATOR\ORT_Translation_v8_8_1\ORT_Runtime\audio_cpu\.venv\Lib\site-packages\functorch\dim\__pycache__\_py_inst_decoder.cpython-312.pyc","3341","7/25/2026 7:33:00 PM"
"D:\AI TRANSLATOR\ORT_Translation_v8_8_1\ORT_Runtime\audio_cpu\.venv\Lib\site-packages\google\protobuf\internal\decoder.py","38007","7/23/2026 1:25:48 AM"
"D:\AI TRANSLATOR\ORT_Translation_v8_8_1\ORT_Runtime\audio_cpu\.venv\Lib\site-packages\google\protobuf\internal\encoder.py","27297","7/23/2026 1:25:48 AM"
"D:\AI TRANSLATOR\ORT_Translation_v8_8_1\ORT_Runtime\audio_cpu\.venv\Lib\site-packages\google\protobuf\internal\__pycache__\decoder.cpython-312.pyc","37290","7/23/2026 1:25:48 AM"
"D:\AI TRANSLATOR\ORT_Translation_v8_8_1\ORT_Runtime\audio_cpu\.venv\Lib\site-packages\google\protobuf\internal\__pycache__\encoder.cpython-312.pyc","32656","7/23/2026 1:25:48 AM"
"D:\AI TRANSLATOR\ORT_Translation_v8_8_1\ORT_Runtime\audio_cpu\.venv\Lib\site-packages\httpx\_decoders.py","12041","7/23/2026 1:25:57 AM"
"D:\AI TRANSLATOR\ORT_Translation_v8_8_1\ORT_Runtime\audio_cpu\.venv\Lib\site-packages\httpx\__pycache__\_decoders.cpython-312.pyc","16771","7/23/2026 1:25:57 AM"
"D:\AI TRANSLATOR\ORT_Translation_v8_8_1\ORT_Runtime\audio_cpu\.venv\Lib\site-packages\minisbd\inference.py","1594","7/25/2026 7:32:46 PM"
"D:\AI TRANSLATOR\ORT_Translation_v8_8_1\ORT_Runtime\audio_cpu\.venv\Lib\site-packages\minisbd\minisbd.py","1003","7/25/2026 7:32:46 PM"
"D:\AI TRANSLATOR\ORT_Translation_v8_8_1\ORT_Runtime\audio_cpu\.venv\Lib\site-packages\minisbd\models.py","4954","7/25/2026 7:32:46 PM"
"D:\AI TRANSLATOR\ORT_Translation_v8_8_1\ORT_Runtime\audio_cpu\.venv\Lib\site-packages\minisbd\__init__.py","61","7/25/2026 7:32:46 PM"
"D:\AI TRANSLATOR\ORT_Translation_v8_8_1\ORT_Runtime\audio_cpu\.venv\Lib\site-packages\minisbd\modules\CREDITS.txt","108","7/25/2026 7:32:46 PM"
"D:\AI TRANSLATOR\ORT_Translation_v8_8_1\ORT_Runtime\audio_cpu\.venv\Lib\site-packages\minisbd\modules\data.py","10312","7/25/2026 7:32:46 PM"
"D:\AI TRANSLATOR\ORT_Translation_v8_8_1\ORT_Runtime\audio_cpu\.venv\Lib\site-packages\minisbd\modules\dictionary.py","1399","7/25/2026 7:32:46 PM"
"D:\AI TRANSLATOR\ORT_Translation_v8_8_1\ORT_Runtime\audio_cpu\.venv\Lib\site-packages\minisbd\modules\inference.py","11400","7/25/2026 7:32:46 PM"
"D:\AI TRANSLATOR\ORT_Translation_v8_8_1\ORT_Runtime\audio_cpu\.venv\Lib\site-packages\minisbd\modules\LICENSE.txt","602","7/25/2026 7:32:46 PM"
"D:\AI TRANSLATOR\ORT_Translation_v8_8_1\ORT_Runtime\audio_cpu\.venv\Lib\site-packages\minisbd\modules\vocab.py","3878","7/25/2026 7:32:46 PM"
"D:\AI TRANSLATOR\ORT_Translation_v8_8_1\ORT_Runtime\audio_cpu\.venv\Lib\site-packages\minisbd\modules\__init__.py","91","7/25/2026 7:32:46 PM"
"D:\AI TRANSLATOR\ORT_Translation_v8_8_1\ORT_Runtime\audio_cpu\.venv\Lib\site-packages\minisbd\modules\__pycache__\data.cpython-312.pyc","15679","7/25/2026 7:32:46 PM"
"D:\AI TRANSLATOR\ORT_Translation_v8_8_1\ORT_Runtime\audio_cpu\.venv\Lib\site-packages\minisbd\modules\__pycache__\dictionary.cpython-312.pyc","1966","7/25/2026 7:32:46 PM"
"D:\AI TRANSLATOR\ORT_Translation_v8_8_1\ORT_Runtime\audio_cpu\.venv\Lib\site-packages\minisbd\modules\__pycache__\inference.cpython-312.pyc","13002","7/25/2026 7:32:46 PM"
"D:\AI TRANSLATOR\ORT_Translation_v8_8_1\ORT_Runtime\audio_cpu\.venv\Lib\site-packages\minisbd\modules\__pycache__\vocab.cpython-312.pyc","7271","7/25/2026 7:32:46 PM"
"D:\AI TRANSLATOR\ORT_Translation_v8_8_1\ORT_Runtime\audio_cpu\.venv\Lib\site-packages\minisbd\modules\__pycache__\__init__.cpython-312.pyc","305","7/25/2026 7:32:46 PM"
"D:\AI TRANSLATOR\ORT_Translation_v8_8_1\ORT_Runtime\audio_cpu\.venv\Lib\site-packages\minisbd\__pycache__\inference.cpython-312.pyc","2492","7/25/2026 7:32:46 PM"
"D:\AI TRANSLATOR\ORT_Translation_v8_8_1\ORT_Runtime\audio_cpu\.venv\Lib\site-packages\minisbd\__pycache__\minisbd.cpython-312.pyc","1912","7/25/2026 7:32:46 PM"
"D:\AI TRANSLATOR\ORT_Translation_v8_8_1\ORT_Runtime\audio_cpu\.venv\Lib\site-packages\minisbd\__pycache__\models.cpython-312.pyc","7456","7/25/2026 7:32:46 PM"
"D:\AI TRANSLATOR\ORT_Translation_v8_8_1\ORT_Runtime\audio_cpu\.venv\Lib\site-packages\minisbd\__pycache__\__init__.cpython-312.pyc","280","7/25/2026 7:32:46 PM"
"D:\AI TRANSLATOR\ORT_Translation_v8_8_1\ORT_Runtime\audio_cpu\.venv\Lib\site-packages\minisbd-0.9.5.dist-info\INSTALLER","4","7/25/2026 7:32:46 PM"
"D:\AI TRANSLATOR\ORT_Translation_v8_8_1\ORT_Runtime\audio_cpu\.venv\Lib\site-packages\minisbd-0.9.5.dist-info\METADATA","47200","7/25/2026 7:32:46 PM"
"D:\AI TRANSLATOR\ORT_Translation_v8_8_1\ORT_Runtime\audio_cpu\.venv\Lib\site-packages\minisbd-0.9.5.dist-info\RECORD","1756","7/25/2026 7:32:46 PM"
"D:\AI TRANSLATOR\ORT_Translation_v8_8_1\ORT_Runtime\audio_cpu\.venv\Lib\site-packages\minisbd-0.9.5.dist-info\WHEEL","87","7/25/2026 7:32:46 PM"
"D:\AI TRANSLATOR\ORT_Translation_v8_8_1\ORT_Runtime\audio_cpu\.venv\Lib\site-packages\minisbd-0.9.5.dist-info\licenses\LICENSE","34522","7/25/2026 7:32:46 PM"
"D:\AI TRANSLATOR\ORT_Translation_v8_8_1\ORT_Runtime\audio_cpu\.venv\Lib\site-packages\onnxruntime\transformers\models\sam2\image_decoder.py","11093","7/23/2026 1:25:55 AM"
"D:\AI TRANSLATOR\ORT_Translation_v8_8_1\ORT_Runtime\audio_cpu\.venv\Lib\site-packages\onnxruntime\transformers\models\sam2\image_encoder.py","9788","7/23/2026 1:25:55 AM"
"D:\AI TRANSLATOR\ORT_Translation_v8_8_1\ORT_Runtime\audio_cpu\.venv\Lib\site-packages\onnxruntime\transformers\models\sam2\mask_decoder.py","9066","7/23/2026 1:25:55 AM"
"D:\AI TRANSLATOR\ORT_Translation_v8_8_1\ORT_Runtime\audio_cpu\.venv\Lib\site-packages\onnxruntime\transformers\models\sam2\prompt_encoder.py","8530","7/23/2026 1:25:55 AM"
"D:\AI TRANSLATOR\ORT_Translation_v8_8_1\ORT_Runtime\audio_cpu\.venv\Lib\site-packages\onnxruntime\transformers\models\sam2\__pycache__\image_decoder.cpython-312.pyc","12368","7/23/2026 1:25:56 AM"
"D:\AI TRANSLATOR\ORT_Translation_v8_8_1\ORT_Runtime\audio_cpu\.venv\Lib\site-packages\onnxruntime\transformers\models\sam2\__pycache__\image_encoder.cpython-312.pyc","11130","7/23/2026 1:25:56 AM"
"D:\AI TRANSLATOR\ORT_Translation_v8_8_1\ORT_Runtime\audio_cpu\.venv\Lib\site-packages\onnxruntime\transformers\models\sam2\__pycache__\mask_decoder.cpython-312.pyc","10107","7/23/2026 1:25:56 AM"
"D:\AI TRANSLATOR\ORT_Translation_v8_8_1\ORT_Runtime\audio_cpu\.venv\Lib\site-packages\onnxruntime\transformers\models\sam2\__pycache__\prompt_encoder.cpython-312.pyc","10747","7/23/2026 1:25:56 AM"
"D:\AI TRANSLATOR\ORT_Translation_v8_8_1\ORT_Runtime\audio_cpu\.venv\Lib\site-packages\onnxruntime\transformers\models\t5\t5_decoder.py","17188","7/23/2026 1:25:55 AM"
"D:\AI TRANSLATOR\ORT_Translation_v8_8_1\ORT_Runtime\audio_cpu\.venv\Lib\site-packages\onnxruntime\transformers\models\t5\t5_encoder.py","2319","7/23/2026 1:25:55 AM"
"D:\AI TRANSLATOR\ORT_Translation_v8_8_1\ORT_Runtime\audio_cpu\.venv\Lib\site-packages\onnxruntime\transformers\models\t5\t5_encoder_decoder_init.py","15421","7/23/2026 1:25:55 AM"
"D:\AI TRANSLATOR\ORT_Translation_v8_8_1\ORT_Runtime\audio_cpu\.venv\Lib\site-packages\onnxruntime\transformers\models\t5\__pycache__\t5_decoder.cpython-312.pyc","16953","7/23/2026 1:25:56 AM"
"D:\AI TRANSLATOR\ORT_Translation_v8_8_1\ORT_Runtime\audio_cpu\.venv\Lib\site-packages\onnxruntime\transformers\models\t5\__pycache__\t5_encoder.cpython-312.pyc","3268","7/23/2026 1:25:56 AM"
"D:\AI TRANSLATOR\ORT_Translation_v8_8_1\ORT_Runtime\audio_cpu\.venv\Lib\site-packages\onnxruntime\transformers\models\t5\__pycache__\t5_encoder_decoder_init.cpython-312.pyc","15286","7/23/2026 1:25:56 AM"
"D:\AI TRANSLATOR\ORT_Translation_v8_8_1\ORT_Runtime\audio_cpu\.venv\Lib\site-packages\onnxruntime\transformers\models\whisper\whisper_decoder.py","21893","7/23/2026 1:25:55 AM"
"D:\AI TRANSLATOR\ORT_Translation_v8_8_1\ORT_Runtime\audio_cpu\.venv\Lib\site-packages\onnxruntime\transformers\models\whisper\whisper_encoder.py","6373","7/23/2026 1:25:55 AM"
"D:\AI TRANSLATOR\ORT_Translation_v8_8_1\ORT_Runtime\audio_cpu\.venv\Lib\site-packages\onnxruntime\transformers\models\whisper\whisper_encoder_decoder_init.py","16833","7/23/2026 1:25:55 AM"
"D:\AI TRANSLATOR\ORT_Translation_v8_8_1\ORT_Runtime\audio_cpu\.venv\Lib\site-packages\onnxruntime\transformers\models\whisper\__pycache__\whisper_decoder.cpython-312.pyc","20268","7/23/2026 1:25:56 AM"
"D:\AI TRANSLATOR\ORT_Translation_v8_8_1\ORT_Runtime\audio_cpu\.venv\Lib\site-packages\onnxruntime\transformers\models\whisper\__pycache__\whisper_encoder.cpython-312.pyc","6786","7/23/2026 1:25:56 AM"
"D:\AI TRANSLATOR\ORT_Translation_v8_8_1\ORT_Runtime\audio_cpu\.venv\Lib\site-packages\onnxruntime\transformers\models\whisper\__pycache__\whisper_encoder_decoder_init.cpython-312.pyc","16965","7/23/2026 1:25:56 AM"
"D:\AI TRANSLATOR\ORT_Translation_v8_8_1\ORT_Runtime\audio_cpu\.venv\Lib\site-packages\reazonspeech\k2\asr\audio.py","2119","7/25/2026 1:13:40 AM"
"D:\AI TRANSLATOR\ORT_Translation_v8_8_1\ORT_Runtime\audio_cpu\.venv\Lib\site-packages\reazonspeech\k2\asr\huggingface.py","3066","7/25/2026 1:13:40 AM"
"D:\AI TRANSLATOR\ORT_Translation_v8_8_1\ORT_Runtime\audio_cpu\.venv\Lib\site-packages\reazonspeech\k2\asr\interface.py","548","7/25/2026 1:13:40 AM"
"D:\AI TRANSLATOR\ORT_Translation_v8_8_1\ORT_Runtime\audio_cpu\.venv\Lib\site-packages\reazonspeech\k2\asr\transcribe.py","1460","7/25/2026 1:13:40 AM"
"D:\AI TRANSLATOR\ORT_Translation_v8_8_1\ORT_Runtime\audio_cpu\.venv\Lib\site-packages\reazonspeech\k2\asr\__init__.py","187","7/25/2026 1:13:40 AM"
"D:\AI TRANSLATOR\ORT_Translation_v8_8_1\ORT_Runtime\audio_cpu\.venv\Lib\site-packages\reazonspeech\k2\asr\__pycache__\audio.cpython-312.pyc","3108","7/25/2026 1:13:40 AM"
"D:\AI TRANSLATOR\ORT_Translation_v8_8_1\ORT_Runtime\audio_cpu\.venv\Lib\site-packages\reazonspeech\k2\asr\__pycache__\huggingface.cpython-312.pyc","2740","7/25/2026 1:13:40 AM"
"D:\AI TRANSLATOR\ORT_Translation_v8_8_1\ORT_Runtime\audio_cpu\.venv\Lib\site-packages\reazonspeech\k2\asr\__pycache__\interface.cpython-312.pyc","1414","7/25/2026 1:13:40 AM"
"D:\AI TRANSLATOR\ORT_Translation_v8_8_1\ORT_Runtime\audio_cpu\.venv\Lib\site-packages\reazonspeech\k2\asr\__pycache__\transcribe.cpython-312.pyc","2222","7/25/2026 1:13:40 AM"
"D:\AI TRANSLATOR\ORT_Translation_v8_8_1\ORT_Runtime\audio_cpu\.venv\Lib\site-packages\reazonspeech\k2\asr\__pycache__\__init__.cpython-312.pyc","452","7/25/2026 1:13:40 AM"
"D:\AI TRANSLATOR\ORT_Translation_v8_8_1\ORT_Runtime\audio_cpu\.venv\Lib\site-packages\reazonspeech_k2_asr-3.0.0.dist-info\direct_url.json","129","7/25/2026 1:13:40 AM"
"D:\AI TRANSLATOR\ORT_Translation_v8_8_1\ORT_Runtime\audio_cpu\.venv\Lib\site-packages\reazonspeech_k2_asr-3.0.0.dist-info\INSTALLER","4","7/25/2026 1:13:40 AM"
"D:\AI TRANSLATOR\ORT_Translation_v8_8_1\ORT_Runtime\audio_cpu\.venv\Lib\site-packages\reazonspeech_k2_asr-3.0.0.dist-info\METADATA","198","7/25/2026 1:13:40 AM"
"D:\AI TRANSLATOR\ORT_Translation_v8_8_1\ORT_Runtime\audio_cpu\.venv\Lib\site-packages\reazonspeech_k2_asr-3.0.0.dist-info\RECORD","1406","7/25/2026 1:13:40 AM"
"D:\AI TRANSLATOR\ORT_Translation_v8_8_1\ORT_Runtime\audio_cpu\.venv\Lib\site-packages\reazonspeech_k2_asr-3.0.0.dist-info\REQUESTED","0","7/25/2026 1:13:40 AM"
"D:\AI TRANSLATOR\ORT_Translation_v8_8_1\ORT_Runtime\audio_cpu\.venv\Lib\site-packages\reazonspeech_k2_asr-3.0.0.dist-info\top_level.txt","13","7/25/2026 1:13:40 AM"
"D:\AI TRANSLATOR\ORT_Translation_v8_8_1\ORT_Runtime\audio_cpu\.venv\Lib\site-packages\reazonspeech_k2_asr-3.0.0.dist-info\WHEEL","91","7/25/2026 1:13:40 AM"
"D:\AI TRANSLATOR\ORT_Translation_v8_8_1\ORT_Runtime\audio_cpu\.venv\Lib\site-packages\sklearn\preprocessing\_encoders.py","70225","7/24/2026 11:10:39 PM"
"D:\AI TRANSLATOR\ORT_Translation_v8_8_1\ORT_Runtime\audio_cpu\.venv\Lib\site-packages\sklearn\preprocessing\_target_encoder.py","27440","7/24/2026 11:10:39 PM"
"D:\AI TRANSLATOR\ORT_Translation_v8_8_1\ORT_Runtime\audio_cpu\.venv\Lib\site-packages\sklearn\preprocessing\_target_encoder_fast.cp312-win_amd64.lib","2248","7/24/2026 11:10:39 PM"
"D:\AI TRANSLATOR\ORT_Translation_v8_8_1\ORT_Runtime\audio_cpu\.venv\Lib\site-packages\sklearn\preprocessing\_target_encoder_fast.cp312-win_amd64.pyd","253952","7/24/2026 11:10:39 PM"
"D:\AI TRANSLATOR\ORT_Translation_v8_8_1\ORT_Runtime\audio_cpu\.venv\Lib\site-packages\sklearn\preprocessing\_target_encoder_fast.pyx","6114","7/24/2026 11:10:39 PM"
"D:\AI TRANSLATOR\ORT_Translation_v8_8_1\ORT_Runtime\audio_cpu\.venv\Lib\site-packages\sklearn\preprocessing\tests\test_encoders.py","84336","7/24/2026 11:10:39 PM"
"D:\AI TRANSLATOR\ORT_Translation_v8_8_1\ORT_Runtime\audio_cpu\.venv\Lib\site-packages\sklearn\preprocessing\tests\test_target_encoder.py","31080","7/24/2026 11:10:39 PM"
"D:\AI TRANSLATOR\ORT_Translation_v8_8_1\ORT_Runtime\audio_cpu\.venv\Lib\site-packages\sklearn\preprocessing\tests\__pycache__\test_encoders.cpython-312.pyc","115096","7/24/2026 11:10:42 PM"
"D:\AI TRANSLATOR\ORT_Translation_v8_8_1\ORT_Runtime\audio_cpu\.venv\Lib\site-packages\sklearn\preprocessing\tests\__pycache__\test_target_encoder.cpython-312.pyc","32783","7/24/2026 11:10:42 PM"
"D:\AI TRANSLATOR\ORT_Translation_v8_8_1\ORT_Runtime\audio_cpu\.venv\Lib\site-packages\sklearn\preprocessing\__pycache__\_encoders.cpython-312.pyc","65499","7/24/2026 11:10:42 PM"
"D:\AI TRANSLATOR\ORT_Translation_v8_8_1\ORT_Runtime\audio_cpu\.venv\Lib\site-packages\sklearn\preprocessing\__pycache__\_target_encoder.cpython-312.pyc","27264","7/24/2026 11:10:42 PM"
"D:\AI TRANSLATOR\ORT_Translation_v8_8_1\ORT_Runtime\audio_cpu\.venv\Lib\site-packages\srsly\ruamel_yaml\tokens.py","7757","7/25/2026 7:32:45 PM"
"D:\AI TRANSLATOR\ORT_Translation_v8_8_1\ORT_Runtime\audio_cpu\.venv\Lib\site-packages\srsly\ruamel_yaml\__pycache__\tokens.cpython-312.pyc","10914","7/25/2026 7:32:45 PM"
"D:\AI TRANSLATOR\ORT_Translation_v8_8_1\ORT_Runtime\audio_cpu\.venv\Lib\site-packages\stanza\models\coref\pairwise_encoder.py","3863","7/25/2026 7:33:20 PM"
"D:\AI TRANSLATOR\ORT_Translation_v8_8_1\ORT_Runtime\audio_cpu\.venv\Lib\site-packages\stanza\models\coref\word_encoder.py","4040","7/25/2026 7:33:20 PM"
"D:\AI TRANSLATOR\ORT_Translation_v8_8_1\ORT_Runtime\audio_cpu\.venv\Lib\site-packages\stanza\models\coref\__pycache__\pairwise_encoder.cpython-312.pyc","5810","7/25/2026 7:33:21 PM"
"D:\AI TRANSLATOR\ORT_Translation_v8_8_1\ORT_Runtime\audio_cpu\.venv\Lib\site-packages\stanza\models\coref\__pycache__\word_encoder.cpython-312.pyc","5843","7/25/2026 7:33:21 PM"
"D:\AI TRANSLATOR\ORT_Translation_v8_8_1\ORT_Runtime\audio_cpu\.venv\Lib\site-packages\stanza\server\tokensregex.py","1356","7/25/2026 7:33:20 PM"
"D:\AI TRANSLATOR\ORT_Translation_v8_8_1\ORT_Runtime\audio_cpu\.venv\Lib\site-packages\stanza\server\__pycache__\tokensregex.cpython-312.pyc","2267","7/25/2026 7:33:21 PM"
"D:\AI TRANSLATOR\ORT_Translation_v8_8_1\ORT_Runtime\audio_cpu\.venv\Lib\site-packages\stanza\tests\server\test_tokensregex.py","1334","7/25/2026 7:33:20 PM"
"D:\AI TRANSLATOR\ORT_Translation_v8_8_1\ORT_Runtime\audio_cpu\.venv\Lib\site-packages\stanza\tests\server\__pycache__\test_tokensregex.cpython-312.pyc","2665","7/25/2026 7:33:22 PM"
"D:\AI TRANSLATOR\ORT_Translation_v8_8_1\ORT_Runtime\audio_cpu\.venv\Lib\site-packages\stanza\tests\tokenization\test_replace_long_tokens.py","1072","7/25/2026 7:33:20 PM"
"D:\AI TRANSLATOR\ORT_Translation_v8_8_1\ORT_Runtime\audio_cpu\.venv\Lib\site-packages\stanza\tests\tokenization\__pycache__\test_replace_long_tokens.cpython-312.pyc","2026","7/25/2026 7:33:22 PM"
"D:\AI TRANSLATOR\ORT_Translation_v8_8_1\ORT_Runtime\audio_cpu\.venv\Lib\site-packages\tokenizers\decoders.pyi","13373","7/23/2026 1:25:59 AM"
"D:\AI TRANSLATOR\ORT_Translation_v8_8_1\ORT_Runtime\audio_cpu\.venv\Lib\site-packages\torch\export\_remove_effect_tokens_pass.py","9432","7/25/2026 7:32:48 PM"
"D:\AI TRANSLATOR\ORT_Translation_v8_8_1\ORT_Runtime\audio_cpu\.venv\Lib\site-packages\torch\export\__pycache__\_remove_effect_tokens_pass.cpython-312.pyc","11229","7/25/2026 7:33:12 PM"
"D:\AI TRANSLATOR\ORT_Translation_v8_8_1\ORT_Runtime\audio_cpu\.venv\Lib\site-packages\torch\include\ATen\ops\_transformer_encoder_layer_fwd.h","4932","7/25/2026 7:32:50 PM"
"D:\AI TRANSLATOR\ORT_Translation_v8_8_1\ORT_Runtime\audio_cpu\.venv\Lib\site-packages\torch\include\ATen\ops\_transformer_encoder_layer_fwd_compositeexplicitautograd_dispatch.h","2298","7/25/2026 7:32:50 PM"
"D:\AI TRANSLATOR\ORT_Translation_v8_8_1\ORT_Runtime\audio_cpu\.venv\Lib\site-packages\torch\include\ATen\ops\_transformer_encoder_layer_fwd_cpu_dispatch.h","1585","7/25/2026 7:32:50 PM"
"D:\AI TRANSLATOR\ORT_Translation_v8_8_1\ORT_Runtime\audio_cpu\.venv\Lib\site-packages\torch\include\ATen\ops\_transformer_encoder_layer_fwd_cuda_dispatch.h","1587","7/25/2026 7:32:50 PM"
"D:\AI TRANSLATOR\ORT_Translation_v8_8_1\ORT_Runtime\audio_cpu\.venv\Lib\site-packages\torch\include\ATen\ops\_transformer_encoder_layer_fwd_native.h","1986","7/25/2026 7:32:50 PM"
"D:\AI TRANSLATOR\ORT_Translation_v8_8_1\ORT_Runtime\audio_cpu\.venv\Lib\site-packages\torch\include\ATen\ops\_transformer_encoder_layer_fwd_ops.h","5536","7/25/2026 7:32:50 PM"
"D:\AI TRANSLATOR\ORT_Translation_v8_8_1\ORT_Runtime\audio_cpu\.venv\Lib\site-packages\torch\utils\data\datapipes\iter\routeddecoder.py","2802","7/25/2026 7:33:00 PM"
"D:\AI TRANSLATOR\ORT_Translation_v8_8_1\ORT_Runtime\audio_cpu\.venv\Lib\site-packages\torch\utils\data\datapipes\iter\__pycache__\routeddecoder.cpython-312.pyc","4008","7/25/2026 7:33:18 PM"
"D:\AI TRANSLATOR\ORT_Translation_v8_8_1\ORT_Runtime\audio_cpu\.venv\Lib\site-packages\torch\utils\data\datapipes\utils\decoder.py","12510","7/25/2026 7:33:00 PM"
"D:\AI TRANSLATOR\ORT_Translation_v8_8_1\ORT_Runtime\audio_cpu\.venv\Lib\site-packages\torch\utils\data\datapipes\utils\__pycache__\decoder.cpython-312.pyc","14149","7/25/2026 7:33:18 PM"
"D:\AI TRANSLATOR\ORT_Translation_v8_8_1\ORT_Runtime\audio_cpu\.venv\Lib\site-packages\torch\_inductor\runtime\caching\encoders.py","2205","7/25/2026 7:32:48 PM"
"D:\AI TRANSLATOR\ORT_Translation_v8_8_1\ORT_Runtime\audio_cpu\.venv\Lib\site-packages\torch\_inductor\runtime\caching\__pycache__\encoders.cpython-312.pyc","2928","7/25/2026 7:33:07 PM"
"D:\AI TRANSLATOR\ORT_Translation_v8_8_1\ORT_Runtime\audio_cpu\.venv\Lib\site-packages\yaml\tokens.py","2573","7/23/2026 1:25:48 AM"
"D:\AI TRANSLATOR\ORT_Translation_v8_8_1\ORT_Runtime\audio_cpu\.venv\Lib\site-packages\yaml\__pycache__\tokens.cpython-312.pyc","5799","7/23/2026 1:25:48 AM"
"D:\AI TRANSLATOR\ORT_Translation_v8_8_1\ORT_Runtime\audio_cpu\models\reazonspeech-k2-v2\decoder-epoch-99-avg-1.int8.onnx","2959337","7/25/2026 1:38:47 AM"
"D:\AI TRANSLATOR\ORT_Translation_v8_8_1\ORT_Runtime\audio_cpu\models\reazonspeech-k2-v2\decoder-epoch-99-avg-1.onnx","11767836","7/25/2026 1:38:49 AM"
"D:\AI TRANSLATOR\ORT_Translation_v8_8_1\ORT_Runtime\audio_cpu\models\reazonspeech-k2-v2\encoder-epoch-99-avg-1.int8.onnx","154670139","7/25/2026 1:38:54 AM"
"D:\AI TRANSLATOR\ORT_Translation_v8_8_1\ORT_Runtime\audio_cpu\models\reazonspeech-k2-v2\joiner-epoch-99-avg-1.int8.onnx","2696970","7/25/2026 1:39:14 AM"
"D:\AI TRANSLATOR\ORT_Translation_v8_8_1\ORT_Runtime\audio_cpu\models\reazonspeech-k2-v2\tokens.txt","45754","7/25/2026 1:39:16 AM"
"D:\AI TRANSLATOR\ORT_Translation_v8_8_1\ORT_Runtime\audio_gpu\.venv\Lib\site-packages\functorch\dim\_py_inst_decoder.py","2158","7/25/2026 8:41:04 PM"
"D:\AI TRANSLATOR\ORT_Translation_v8_8_1\ORT_Runtime\audio_gpu\.venv\Lib\site-packages\functorch\dim\__pycache__\_py_inst_decoder.cpython-312.pyc","3341","7/25/2026 8:41:18 PM"
"D:\AI TRANSLATOR\ORT_Translation_v8_8_1\ORT_Runtime\audio_gpu\.venv\Lib\site-packages\google\protobuf\internal\decoder.py","38007","7/23/2026 12:07:37 PM"
"D:\AI TRANSLATOR\ORT_Translation_v8_8_1\ORT_Runtime\audio_gpu\.venv\Lib\site-packages\google\protobuf\internal\encoder.py","27297","7/23/2026 12:07:37 PM"
"D:\AI TRANSLATOR\ORT_Translation_v8_8_1\ORT_Runtime\audio_gpu\.venv\Lib\site-packages\google\protobuf\internal\__pycache__\decoder.cpython-312.pyc","37290","7/23/2026 12:07:38 PM"
"D:\AI TRANSLATOR\ORT_Translation_v8_8_1\ORT_Runtime\audio_gpu\.venv\Lib\site-packages\google\protobuf\internal\__pycache__\encoder.cpython-312.pyc","32656","7/23/2026 12:07:38 PM"
"D:\AI TRANSLATOR\ORT_Translation_v8_8_1\ORT_Runtime\audio_gpu\.venv\Lib\site-packages\httpx\_decoders.py","12041","7/23/2026 12:07:48 PM"
"D:\AI TRANSLATOR\ORT_Translation_v8_8_1\ORT_Runtime\audio_gpu\.venv\Lib\site-packages\httpx\__pycache__\_decoders.cpython-312.pyc","16771","7/23/2026 12:07:48 PM"
"D:\AI TRANSLATOR\ORT_Translation_v8_8_1\ORT_Runtime\audio_gpu\.venv\Lib\site-packages\minisbd\inference.py","1594","7/25/2026 8:41:04 PM"
"D:\AI TRANSLATOR\ORT_Translation_v8_8_1\ORT_Runtime\audio_gpu\.venv\Lib\site-packages\minisbd\minisbd.py","1003","7/25/2026 8:41:04 PM"
"D:\AI TRANSLATOR\ORT_Translation_v8_8_1\ORT_Runtime\audio_gpu\.venv\Lib\site-packages\minisbd\models.py","4954","7/25/2026 8:41:04 PM"
"D:\AI TRANSLATOR\ORT_Translation_v8_8_1\ORT_Runtime\audio_gpu\.venv\Lib\site-packages\minisbd\__init__.py","61","7/25/2026 8:41:04 PM"
"D:\AI TRANSLATOR\ORT_Translation_v8_8_1\ORT_Runtime\audio_gpu\.venv\Lib\site-packages\minisbd\modules\CREDITS.txt","108","7/25/2026 8:41:04 PM"
"D:\AI TRANSLATOR\ORT_Translation_v8_8_1\ORT_Runtime\audio_gpu\.venv\Lib\site-packages\minisbd\modules\data.py","10312","7/25/2026 8:41:04 PM"
"D:\AI TRANSLATOR\ORT_Translation_v8_8_1\ORT_Runtime\audio_gpu\.venv\Lib\site-packages\minisbd\modules\dictionary.py","1399","7/25/2026 8:41:04 PM"
"D:\AI TRANSLATOR\ORT_Translation_v8_8_1\ORT_Runtime\audio_gpu\.venv\Lib\site-packages\minisbd\modules\inference.py","11400","7/25/2026 8:41:04 PM"
"D:\AI TRANSLATOR\ORT_Translation_v8_8_1\ORT_Runtime\audio_gpu\.venv\Lib\site-packages\minisbd\modules\LICENSE.txt","602","7/25/2026 8:41:04 PM"
"D:\AI TRANSLATOR\ORT_Translation_v8_8_1\ORT_Runtime\audio_gpu\.venv\Lib\site-packages\minisbd\modules\vocab.py","3878","7/25/2026 8:41:04 PM"
"D:\AI TRANSLATOR\ORT_Translation_v8_8_1\ORT_Runtime\audio_gpu\.venv\Lib\site-packages\minisbd\modules\__init__.py","91","7/25/2026 8:41:04 PM"
"D:\AI TRANSLATOR\ORT_Translation_v8_8_1\ORT_Runtime\audio_gpu\.venv\Lib\site-packages\minisbd\modules\__pycache__\data.cpython-312.pyc","15679","7/25/2026 8:41:04 PM"
"D:\AI TRANSLATOR\ORT_Translation_v8_8_1\ORT_Runtime\audio_gpu\.venv\Lib\site-packages\minisbd\modules\__pycache__\dictionary.cpython-312.pyc","1966","7/25/2026 8:41:04 PM"
"D:\AI TRANSLATOR\ORT_Translation_v8_8_1\ORT_Runtime\audio_gpu\.venv\Lib\site-packages\minisbd\modules\__pycache__\inference.cpython-312.pyc","13002","7/25/2026 8:41:04 PM"
"D:\AI TRANSLATOR\ORT_Translation_v8_8_1\ORT_Runtime\audio_gpu\.venv\Lib\site-packages\minisbd\modules\__pycache__\vocab.cpython-312.pyc","7271","7/25/2026 8:41:04 PM"
"D:\AI TRANSLATOR\ORT_Translation_v8_8_1\ORT_Runtime\audio_gpu\.venv\Lib\site-packages\minisbd\modules\__pycache__\__init__.cpython-312.pyc","305","7/25/2026 8:41:04 PM"
"D:\AI TRANSLATOR\ORT_Translation_v8_8_1\ORT_Runtime\audio_gpu\.venv\Lib\site-packages\minisbd\__pycache__\inference.cpython-312.pyc","2492","7/25/2026 8:41:04 PM"
"D:\AI TRANSLATOR\ORT_Translation_v8_8_1\ORT_Runtime\audio_gpu\.venv\Lib\site-packages\minisbd\__pycache__\minisbd.cpython-312.pyc","1912","7/25/2026 8:41:04 PM"
"D:\AI TRANSLATOR\ORT_Translation_v8_8_1\ORT_Runtime\audio_gpu\.venv\Lib\site-packages\minisbd\__pycache__\models.cpython-312.pyc","7456","7/25/2026 8:41:04 PM"
"D:\AI TRANSLATOR\ORT_Translation_v8_8_1\ORT_Runtime\audio_gpu\.venv\Lib\site-packages\minisbd\__pycache__\__init__.cpython-312.pyc","280","7/25/2026 8:41:04 PM"
"D:\AI TRANSLATOR\ORT_Translation_v8_8_1\ORT_Runtime\audio_gpu\.venv\Lib\site-packages\minisbd-0.9.5.dist-info\INSTALLER","4","7/25/2026 8:41:04 PM"
"D:\AI TRANSLATOR\ORT_Translation_v8_8_1\ORT_Runtime\audio_gpu\.venv\Lib\site-packages\minisbd-0.9.5.dist-info\METADATA","47200","7/25/2026 8:41:04 PM"
"D:\AI TRANSLATOR\ORT_Translation_v8_8_1\ORT_Runtime\audio_gpu\.venv\Lib\site-packages\minisbd-0.9.5.dist-info\RECORD","1756","7/25/2026 8:41:04 PM"
"D:\AI TRANSLATOR\ORT_Translation_v8_8_1\ORT_Runtime\audio_gpu\.venv\Lib\site-packages\minisbd-0.9.5.dist-info\WHEEL","87","7/25/2026 8:41:04 PM"
"D:\AI TRANSLATOR\ORT_Translation_v8_8_1\ORT_Runtime\audio_gpu\.venv\Lib\site-packages\minisbd-0.9.5.dist-info\licenses\LICENSE","34522","7/25/2026 8:41:04 PM"
"D:\AI TRANSLATOR\ORT_Translation_v8_8_1\ORT_Runtime\audio_gpu\.venv\Lib\site-packages\onnxruntime\transformers\models\sam2\image_decoder.py","11093","7/23/2026 12:07:45 PM"
"D:\AI TRANSLATOR\ORT_Translation_v8_8_1\ORT_Runtime\audio_gpu\.venv\Lib\site-packages\onnxruntime\transformers\models\sam2\image_encoder.py","9788","7/23/2026 12:07:45 PM"
"D:\AI TRANSLATOR\ORT_Translation_v8_8_1\ORT_Runtime\audio_gpu\.venv\Lib\site-packages\onnxruntime\transformers\models\sam2\mask_decoder.py","9066","7/23/2026 12:07:45 PM"
"D:\AI TRANSLATOR\ORT_Translation_v8_8_1\ORT_Runtime\audio_gpu\.venv\Lib\site-packages\onnxruntime\transformers\models\sam2\prompt_encoder.py","8530","7/23/2026 12:07:45 PM"
"D:\AI TRANSLATOR\ORT_Translation_v8_8_1\ORT_Runtime\audio_gpu\.venv\Lib\site-packages\onnxruntime\transformers\models\sam2\__pycache__\image_decoder.cpython-312.pyc","12368","7/23/2026 12:07:46 PM"
"D:\AI TRANSLATOR\ORT_Translation_v8_8_1\ORT_Runtime\audio_gpu\.venv\Lib\site-packages\onnxruntime\transformers\models\sam2\__pycache__\image_encoder.cpython-312.pyc","11130","7/23/2026 12:07:46 PM"
"D:\AI TRANSLATOR\ORT_Translation_v8_8_1\ORT_Runtime\audio_gpu\.venv\Lib\site-packages\onnxruntime\transformers\models\sam2\__pycache__\mask_decoder.cpython-312.pyc","10107","7/23/2026 12:07:46 PM"
"D:\AI TRANSLATOR\ORT_Translation_v8_8_1\ORT_Runtime\audio_gpu\.venv\Lib\site-packages\onnxruntime\transformers\models\sam2\__pycache__\prompt_encoder.cpython-312.pyc","10747","7/23/2026 12:07:46 PM"
"D:\AI TRANSLATOR\ORT_Translation_v8_8_1\ORT_Runtime\audio_gpu\.venv\Lib\site-packages\onnxruntime\transformers\models\t5\t5_decoder.py","17188","7/23/2026 12:07:45 PM"
"D:\AI TRANSLATOR\ORT_Translation_v8_8_1\ORT_Runtime\audio_gpu\.venv\Lib\site-packages\onnxruntime\transformers\models\t5\t5_encoder.py","2319","7/23/2026 12:07:45 PM"
"D:\AI TRANSLATOR\ORT_Translation_v8_8_1\ORT_Runtime\audio_gpu\.venv\Lib\site-packages\onnxruntime\transformers\models\t5\t5_encoder_decoder_init.py","15421","7/23/2026 12:07:45 PM"
"D:\AI TRANSLATOR\ORT_Translation_v8_8_1\ORT_Runtime\audio_gpu\.venv\Lib\site-packages\onnxruntime\transformers\models\t5\__pycache__\t5_decoder.cpython-312.pyc","16953","7/23/2026 12:07:46 PM"
"D:\AI TRANSLATOR\ORT_Translation_v8_8_1\ORT_Runtime\audio_gpu\.venv\Lib\site-packages\onnxruntime\transformers\models\t5\__pycache__\t5_encoder.cpython-312.pyc","3268","7/23/2026 12:07:46 PM"
"D:\AI TRANSLATOR\ORT_Translation_v8_8_1\ORT_Runtime\audio_gpu\.venv\Lib\site-packages\onnxruntime\transformers\models\t5\__pycache__\t5_encoder_decoder_init.cpython-312.pyc","15286","7/23/2026 12:07:46 PM"
"D:\AI TRANSLATOR\ORT_Translation_v8_8_1\ORT_Runtime\audio_gpu\.venv\Lib\site-packages\onnxruntime\transformers\models\whisper\whisper_decoder.py","21893","7/23/2026 12:07:45 PM"
"D:\AI TRANSLATOR\ORT_Translation_v8_8_1\ORT_Runtime\audio_gpu\.venv\Lib\site-packages\onnxruntime\transformers\models\whisper\whisper_encoder.py","6373","7/23/2026 12:07:45 PM"
"D:\AI TRANSLATOR\ORT_Translation_v8_8_1\ORT_Runtime\audio_gpu\.venv\Lib\site-packages\onnxruntime\transformers\models\whisper\whisper_encoder_decoder_init.py","16833","7/23/2026 12:07:45 PM"
"D:\AI TRANSLATOR\ORT_Translation_v8_8_1\ORT_Runtime\audio_gpu\.venv\Lib\site-packages\onnxruntime\transformers\models\whisper\__pycache__\whisper_decoder.cpython-312.pyc","20268","7/23/2026 12:07:46 PM"
"D:\AI TRANSLATOR\ORT_Translation_v8_8_1\ORT_Runtime\audio_gpu\.venv\Lib\site-packages\onnxruntime\transformers\models\whisper\__pycache__\whisper_encoder.cpython-312.pyc","6786","7/23/2026 12:07:46 PM"
"D:\AI TRANSLATOR\ORT_Translation_v8_8_1\ORT_Runtime\audio_gpu\.venv\Lib\site-packages\onnxruntime\transformers\models\whisper\__pycache__\whisper_encoder_decoder_init.cpython-312.pyc","16965","7/23/2026 12:07:46 PM"
"D:\AI TRANSLATOR\ORT_Translation_v8_8_1\ORT_Runtime\audio_gpu\.venv\Lib\site-packages\reazonspeech\k2\asr\audio.py","2119","7/25/2026 1:43:51 AM"
"D:\AI TRANSLATOR\ORT_Translation_v8_8_1\ORT_Runtime\audio_gpu\.venv\Lib\site-packages\reazonspeech\k2\asr\huggingface.py","3066","7/25/2026 1:43:51 AM"
"D:\AI TRANSLATOR\ORT_Translation_v8_8_1\ORT_Runtime\audio_gpu\.venv\Lib\site-packages\reazonspeech\k2\asr\interface.py","548","7/25/2026 1:43:51 AM"
"D:\AI TRANSLATOR\ORT_Translation_v8_8_1\ORT_Runtime\audio_gpu\.venv\Lib\site-packages\reazonspeech\k2\asr\transcribe.py","1460","7/25/2026 1:43:51 AM"
"D:\AI TRANSLATOR\ORT_Translation_v8_8_1\ORT_Runtime\audio_gpu\.venv\Lib\site-packages\reazonspeech\k2\asr\__init__.py","187","7/25/2026 1:43:51 AM"
"D:\AI TRANSLATOR\ORT_Translation_v8_8_1\ORT_Runtime\audio_gpu\.venv\Lib\site-packages\reazonspeech\k2\asr\__pycache__\audio.cpython-312.pyc","3108","7/25/2026 1:43:51 AM"
"D:\AI TRANSLATOR\ORT_Translation_v8_8_1\ORT_Runtime\audio_gpu\.venv\Lib\site-packages\reazonspeech\k2\asr\__pycache__\huggingface.cpython-312.pyc","2740","7/25/2026 1:43:51 AM"
"D:\AI TRANSLATOR\ORT_Translation_v8_8_1\ORT_Runtime\audio_gpu\.venv\Lib\site-packages\reazonspeech\k2\asr\__pycache__\interface.cpython-312.pyc","1414","7/25/2026 1:43:51 AM"
"D:\AI TRANSLATOR\ORT_Translation_v8_8_1\ORT_Runtime\audio_gpu\.venv\Lib\site-packages\reazonspeech\k2\asr\__pycache__\transcribe.cpython-312.pyc","2222","7/25/2026 1:43:51 AM"
"D:\AI TRANSLATOR\ORT_Translation_v8_8_1\ORT_Runtime\audio_gpu\.venv\Lib\site-packages\reazonspeech\k2\asr\__pycache__\__init__.cpython-312.pyc","452","7/25/2026 1:43:51 AM"
"D:\AI TRANSLATOR\ORT_Translation_v8_8_1\ORT_Runtime\audio_gpu\.venv\Lib\site-packages\reazonspeech_k2_asr-3.0.0.dist-info\direct_url.json","129","7/25/2026 1:43:51 AM"
"D:\AI TRANSLATOR\ORT_Translation_v8_8_1\ORT_Runtime\audio_gpu\.venv\Lib\site-packages\reazonspeech_k2_asr-3.0.0.dist-info\INSTALLER","4","7/25/2026 1:43:51 AM"
"D:\AI TRANSLATOR\ORT_Translation_v8_8_1\ORT_Runtime\audio_gpu\.venv\Lib\site-packages\reazonspeech_k2_asr-3.0.0.dist-info\METADATA","198","7/25/2026 1:43:51 AM"
"D:\AI TRANSLATOR\ORT_Translation_v8_8_1\ORT_Runtime\audio_gpu\.venv\Lib\site-packages\reazonspeech_k2_asr-3.0.0.dist-info\RECORD","1406","7/25/2026 1:43:51 AM"
"D:\AI TRANSLATOR\ORT_Translation_v8_8_1\ORT_Runtime\audio_gpu\.venv\Lib\site-packages\reazonspeech_k2_asr-3.0.0.dist-info\REQUESTED","0","7/25/2026 1:43:51 AM"
"D:\AI TRANSLATOR\ORT_Translation_v8_8_1\ORT_Runtime\audio_gpu\.venv\Lib\site-packages\reazonspeech_k2_asr-3.0.0.dist-info\top_level.txt","13","7/25/2026 1:43:51 AM"
"D:\AI TRANSLATOR\ORT_Translation_v8_8_1\ORT_Runtime\audio_gpu\.venv\Lib\site-packages\reazonspeech_k2_asr-3.0.0.dist-info\WHEEL","91","7/25/2026 1:43:51 AM"
"D:\AI TRANSLATOR\ORT_Translation_v8_8_1\ORT_Runtime\audio_gpu\.venv\Lib\site-packages\sklearn\preprocessing\_encoders.py","70225","7/24/2026 11:16:21 PM"
"D:\AI TRANSLATOR\ORT_Translation_v8_8_1\ORT_Runtime\audio_gpu\.venv\Lib\site-packages\sklearn\preprocessing\_target_encoder.py","27440","7/24/2026 11:16:21 PM"
"D:\AI TRANSLATOR\ORT_Translation_v8_8_1\ORT_Runtime\audio_gpu\.venv\Lib\site-packages\sklearn\preprocessing\_target_encoder_fast.cp312-win_amd64.lib","2248","7/24/2026 11:16:21 PM"
"D:\AI TRANSLATOR\ORT_Translation_v8_8_1\ORT_Runtime\audio_gpu\.venv\Lib\site-packages\sklearn\preprocessing\_target_encoder_fast.cp312-win_amd64.pyd","253952","7/24/2026 11:16:21 PM"
"D:\AI TRANSLATOR\ORT_Translation_v8_8_1\ORT_Runtime\audio_gpu\.venv\Lib\site-packages\sklearn\preprocessing\_target_encoder_fast.pyx","6114","7/24/2026 11:16:21 PM"
"D:\AI TRANSLATOR\ORT_Translation_v8_8_1\ORT_Runtime\audio_gpu\.venv\Lib\site-packages\sklearn\preprocessing\tests\test_encoders.py","84336","7/24/2026 11:16:21 PM"
"D:\AI TRANSLATOR\ORT_Translation_v8_8_1\ORT_Runtime\audio_gpu\.venv\Lib\site-packages\sklearn\preprocessing\tests\test_target_encoder.py","31080","7/24/2026 11:16:21 PM"
"D:\AI TRANSLATOR\ORT_Translation_v8_8_1\ORT_Runtime\audio_gpu\.venv\Lib\site-packages\sklearn\preprocessing\tests\__pycache__\test_encoders.cpython-312.pyc","115096","7/24/2026 11:16:24 PM"
"D:\AI TRANSLATOR\ORT_Translation_v8_8_1\ORT_Runtime\audio_gpu\.venv\Lib\site-packages\sklearn\preprocessing\tests\__pycache__\test_target_encoder.cpython-312.pyc","32783","7/24/2026 11:16:24 PM"
"D:\AI TRANSLATOR\ORT_Translation_v8_8_1\ORT_Runtime\audio_gpu\.venv\Lib\site-packages\sklearn\preprocessing\__pycache__\_encoders.cpython-312.pyc","65499","7/24/2026 11:16:24 PM"
"D:\AI TRANSLATOR\ORT_Translation_v8_8_1\ORT_Runtime\audio_gpu\.venv\Lib\site-packages\sklearn\preprocessing\__pycache__\_target_encoder.cpython-312.pyc","27264","7/24/2026 11:16:24 PM"
"D:\AI TRANSLATOR\ORT_Translation_v8_8_1\ORT_Runtime\audio_gpu\.venv\Lib\site-packages\srsly\ruamel_yaml\tokens.py","7757","7/25/2026 8:41:02 PM"
"D:\AI TRANSLATOR\ORT_Translation_v8_8_1\ORT_Runtime\audio_gpu\.venv\Lib\site-packages\srsly\ruamel_yaml\__pycache__\tokens.cpython-312.pyc","10914","7/25/2026 8:41:02 PM"
"D:\AI TRANSLATOR\ORT_Translation_v8_8_1\ORT_Runtime\audio_gpu\.venv\Lib\site-packages\stanza\models\coref\pairwise_encoder.py","3863","7/25/2026 8:41:40 PM"
"D:\AI TRANSLATOR\ORT_Translation_v8_8_1\ORT_Runtime\audio_gpu\.venv\Lib\site-packages\stanza\models\coref\word_encoder.py","4040","7/25/2026 8:41:40 PM"
"D:\AI TRANSLATOR\ORT_Translation_v8_8_1\ORT_Runtime\audio_gpu\.venv\Lib\site-packages\stanza\models\coref\__pycache__\pairwise_encoder.cpython-312.pyc","5810","7/25/2026 8:41:41 PM"
"D:\AI TRANSLATOR\ORT_Translation_v8_8_1\ORT_Runtime\audio_gpu\.venv\Lib\site-packages\stanza\models\coref\__pycache__\word_encoder.cpython-312.pyc","5843","7/25/2026 8:41:41 PM"
"D:\AI TRANSLATOR\ORT_Translation_v8_8_1\ORT_Runtime\audio_gpu\.venv\Lib\site-packages\stanza\server\tokensregex.py","1356","7/25/2026 8:41:40 PM"
"D:\AI TRANSLATOR\ORT_Translation_v8_8_1\ORT_Runtime\audio_gpu\.venv\Lib\site-packages\stanza\server\__pycache__\tokensregex.cpython-312.pyc","2267","7/25/2026 8:41:42 PM"
"D:\AI TRANSLATOR\ORT_Translation_v8_8_1\ORT_Runtime\audio_gpu\.venv\Lib\site-packages\stanza\tests\server\test_tokensregex.py","1334","7/25/2026 8:41:40 PM"
"D:\AI TRANSLATOR\ORT_Translation_v8_8_1\ORT_Runtime\audio_gpu\.venv\Lib\site-packages\stanza\tests\server\__pycache__\test_tokensregex.cpython-312.pyc","2665","7/25/2026 8:41:42 PM"
"D:\AI TRANSLATOR\ORT_Translation_v8_8_1\ORT_Runtime\audio_gpu\.venv\Lib\site-packages\stanza\tests\tokenization\test_replace_long_tokens.py","1072","7/25/2026 8:41:40 PM"
"D:\AI TRANSLATOR\ORT_Translation_v8_8_1\ORT_Runtime\audio_gpu\.venv\Lib\site-packages\stanza\tests\tokenization\__pycache__\test_replace_long_tokens.cpython-312.pyc","2026","7/25/2026 8:41:42 PM"
"D:\AI TRANSLATOR\ORT_Translation_v8_8_1\ORT_Runtime\audio_gpu\.venv\Lib\site-packages\tokenizers\decoders.pyi","13373","7/23/2026 12:07:49 PM"
"D:\AI TRANSLATOR\ORT_Translation_v8_8_1\ORT_Runtime\audio_gpu\.venv\Lib\site-packages\torch\export\_remove_effect_tokens_pass.py","9432","7/25/2026 8:41:06 PM"
"D:\AI TRANSLATOR\ORT_Translation_v8_8_1\ORT_Runtime\audio_gpu\.venv\Lib\site-packages\torch\export\__pycache__\_remove_effect_tokens_pass.cpython-312.pyc","11229","7/25/2026 8:41:32 PM"
"D:\AI TRANSLATOR\ORT_Translation_v8_8_1\ORT_Runtime\audio_gpu\.venv\Lib\site-packages\torch\include\ATen\ops\_transformer_encoder_layer_fwd.h","4932","7/25/2026 8:41:08 PM"
"D:\AI TRANSLATOR\ORT_Translation_v8_8_1\ORT_Runtime\audio_gpu\.venv\Lib\site-packages\torch\include\ATen\ops\_transformer_encoder_layer_fwd_compositeexplicitautograd_dispatch.h","2298","7/25/2026 8:41:08 PM"
"D:\AI TRANSLATOR\ORT_Translation_v8_8_1\ORT_Runtime\audio_gpu\.venv\Lib\site-packages\torch\include\ATen\ops\_transformer_encoder_layer_fwd_cpu_dispatch.h","1585","7/25/2026 8:41:08 PM"
"D:\AI TRANSLATOR\ORT_Translation_v8_8_1\ORT_Runtime\audio_gpu\.venv\Lib\site-packages\torch\include\ATen\ops\_transformer_encoder_layer_fwd_cuda_dispatch.h","1587","7/25/2026 8:41:08 PM"
"D:\AI TRANSLATOR\ORT_Translation_v8_8_1\ORT_Runtime\audio_gpu\.venv\Lib\site-packages\torch\include\ATen\ops\_transformer_encoder_layer_fwd_native.h","1986","7/25/2026 8:41:08 PM"
"D:\AI TRANSLATOR\ORT_Translation_v8_8_1\ORT_Runtime\audio_gpu\.venv\Lib\site-packages\torch\include\ATen\ops\_transformer_encoder_layer_fwd_ops.h","5536","7/25/2026 8:41:08 PM"
"D:\AI TRANSLATOR\ORT_Translation_v8_8_1\ORT_Runtime\audio_gpu\.venv\Lib\site-packages\torch\utils\data\datapipes\iter\routeddecoder.py","2802","7/25/2026 8:41:18 PM"
"D:\AI TRANSLATOR\ORT_Translation_v8_8_1\ORT_Runtime\audio_gpu\.venv\Lib\site-packages\torch\utils\data\datapipes\iter\__pycache__\routeddecoder.cpython-312.pyc","4008","7/25/2026 8:41:37 PM"
"D:\AI TRANSLATOR\ORT_Translation_v8_8_1\ORT_Runtime\audio_gpu\.venv\Lib\site-packages\torch\utils\data\datapipes\utils\decoder.py","12510","7/25/2026 8:41:18 PM"
"D:\AI TRANSLATOR\ORT_Translation_v8_8_1\ORT_Runtime\audio_gpu\.venv\Lib\site-packages\torch\utils\data\datapipes\utils\__pycache__\decoder.cpython-312.pyc","14149","7/25/2026 8:41:37 PM"
"D:\AI TRANSLATOR\ORT_Translation_v8_8_1\ORT_Runtime\audio_gpu\.venv\Lib\site-packages\torch\_inductor\runtime\caching\encoders.py","2205","7/25/2026 8:41:05 PM"
"D:\AI TRANSLATOR\ORT_Translation_v8_8_1\ORT_Runtime\audio_gpu\.venv\Lib\site-packages\torch\_inductor\runtime\caching\__pycache__\encoders.cpython-312.pyc","2928","7/25/2026 8:41:26 PM"
"D:\AI TRANSLATOR\ORT_Translation_v8_8_1\ORT_Runtime\audio_gpu\.venv\Lib\site-packages\yaml\tokens.py","2573","7/23/2026 12:07:37 PM"
"D:\AI TRANSLATOR\ORT_Translation_v8_8_1\ORT_Runtime\audio_gpu\.venv\Lib\site-packages\yaml\__pycache__\tokens.cpython-312.pyc","5799","7/23/2026 12:07:37 PM"
"D:\AI TRANSLATOR\ORT_Translation_v8_8_1\ORT_Runtime\provider_setup_status\last_error_reazonspeech_k2_cuda.log","5333","7/25/2026 7:38:45 PM"
"D:\AI TRANSLATOR\ORT_Translation_v8_8_1\ORT_Runtime\provider_setup_status\reazonspeech_k2_cpu.json","1850","7/25/2026 8:37:35 PM"
"D:\AI TRANSLATOR\ORT_Translation_v8_8_1\ORT_Runtime\provider_setup_status\reazonspeech_k2_cuda.json","1850","7/25/2026 8:40:15 PM"
"D:\AI TRANSLATOR\ORT_Translation_v8_8_1\ORT_Runtime\provider_sources\ReazonSpeech\.gitignore","89","7/24/2026 11:09:41 PM"
"D:\AI TRANSLATOR\ORT_Translation_v8_8_1\ORT_Runtime\provider_sources\ReazonSpeech\LICENSE","11560","7/24/2026 11:09:41 PM"
"D:\AI TRANSLATOR\ORT_Translation_v8_8_1\ORT_Runtime\provider_sources\ReazonSpeech\pyproject.toml","878","7/24/2026 11:09:41 PM"
"D:\AI TRANSLATOR\ORT_Translation_v8_8_1\ORT_Runtime\provider_sources\ReazonSpeech\README.rst","2847","7/24/2026 11:09:41 PM"
"D:\AI TRANSLATOR\ORT_Translation_v8_8_1\ORT_Runtime\provider_sources\ReazonSpeech\.git\config","306","7/24/2026 11:09:41 PM"
"D:\AI TRANSLATOR\ORT_Translation_v8_8_1\ORT_Runtime\provider_sources\ReazonSpeech\.git\description","73","7/24/2026 11:09:40 PM"
"D:\AI TRANSLATOR\ORT_Translation_v8_8_1\ORT_Runtime\provider_sources\ReazonSpeech\.git\FETCH_HEAD","109","7/25/2026 1:43:48 AM"
"D:\AI TRANSLATOR\ORT_Translation_v8_8_1\ORT_Runtime\provider_sources\ReazonSpeech\.git\HEAD","23","7/24/2026 11:09:41 PM"
"D:\AI TRANSLATOR\ORT_Translation_v8_8_1\ORT_Runtime\provider_sources\ReazonSpeech\.git\index","8449","7/25/2026 1:43:48 AM"
"D:\AI TRANSLATOR\ORT_Translation_v8_8_1\ORT_Runtime\provider_sources\ReazonSpeech\.git\ORIG_HEAD","41","7/24/2026 11:14:16 PM"
"D:\AI TRANSLATOR\ORT_Translation_v8_8_1\ORT_Runtime\provider_sources\ReazonSpeech\.git\packed-refs","114","7/24/2026 11:09:41 PM"
"D:\AI TRANSLATOR\ORT_Translation_v8_8_1\ORT_Runtime\provider_sources\ReazonSpeech\.git\shallow","41","7/25/2026 1:43:47 AM"
"D:\AI TRANSLATOR\ORT_Translation_v8_8_1\ORT_Runtime\provider_sources\ReazonSpeech\.git\hooks\applypatch-msg.sample","478","7/24/2026 11:09:40 PM"
"D:\AI TRANSLATOR\ORT_Translation_v8_8_1\ORT_Runtime\provider_sources\ReazonSpeech\.git\hooks\commit-msg.sample","896","7/24/2026 11:09:40 PM"
"D:\AI TRANSLATOR\ORT_Translation_v8_8_1\ORT_Runtime\provider_sources\ReazonSpeech\.git\hooks\fsmonitor-watchman.sample","4726","7/24/2026 11:09:40 PM"
"D:\AI TRANSLATOR\ORT_Translation_v8_8_1\ORT_Runtime\provider_sources\ReazonSpeech\.git\hooks\post-update.sample","189","7/24/2026 11:09:40 PM"
"D:\AI TRANSLATOR\ORT_Translation_v8_8_1\ORT_Runtime\provider_sources\ReazonSpeech\.git\hooks\pre-applypatch.sample","424","7/24/2026 11:09:40 PM"
"D:\AI TRANSLATOR\ORT_Translation_v8_8_1\ORT_Runtime\provider_sources\ReazonSpeech\.git\hooks\pre-commit.sample","1649","7/24/2026 11:09:40 PM"
"D:\AI TRANSLATOR\ORT_Translation_v8_8_1\ORT_Runtime\provider_sources\ReazonSpeech\.git\hooks\pre-merge-commit.sample","416","7/24/2026 11:09:40 PM"
"D:\AI TRANSLATOR\ORT_Translation_v8_8_1\ORT_Runtime\provider_sources\ReazonSpeech\.git\hooks\pre-push.sample","1374","7/24/2026 11:09:40 PM"
"D:\AI TRANSLATOR\ORT_Translation_v8_8_1\ORT_Runtime\provider_sources\ReazonSpeech\.git\hooks\pre-rebase.sample","4898","7/24/2026 11:09:40 PM"
"D:\AI TRANSLATOR\ORT_Translation_v8_8_1\ORT_Runtime\provider_sources\ReazonSpeech\.git\hooks\pre-receive.sample","544","7/24/2026 11:09:40 PM"
"D:\AI TRANSLATOR\ORT_Translation_v8_8_1\ORT_Runtime\provider_sources\ReazonSpeech\.git\hooks\prepare-commit-msg.sample","1492","7/24/2026 11:09:40 PM"
"D:\AI TRANSLATOR\ORT_Translation_v8_8_1\ORT_Runtime\provider_sources\ReazonSpeech\.git\hooks\push-to-checkout.sample","2783","7/24/2026 11:09:40 PM"
"D:\AI TRANSLATOR\ORT_Translation_v8_8_1\ORT_Runtime\provider_sources\ReazonSpeech\.git\hooks\sendemail-validate.sample","2308","7/24/2026 11:09:40 PM"
"D:\AI TRANSLATOR\ORT_Translation_v8_8_1\ORT_Runtime\provider_sources\ReazonSpeech\.git\hooks\update.sample","3650","7/24/2026 11:09:40 PM"
"D:\AI TRANSLATOR\ORT_Translation_v8_8_1\ORT_Runtime\provider_sources\ReazonSpeech\.git\info\exclude","240","7/24/2026 11:09:40 PM"
"D:\AI TRANSLATOR\ORT_Translation_v8_8_1\ORT_Runtime\provider_sources\ReazonSpeech\.git\logs\HEAD","2346","7/25/2026 1:43:48 AM"
"D:\AI TRANSLATOR\ORT_Translation_v8_8_1\ORT_Runtime\provider_sources\ReazonSpeech\.git\logs\refs\heads\master","201","7/24/2026 11:09:41 PM"
"D:\AI TRANSLATOR\ORT_Translation_v8_8_1\ORT_Runtime\provider_sources\ReazonSpeech\.git\logs\refs\remotes\origin\HEAD","201","7/24/2026 11:09:41 PM"
"D:\AI TRANSLATOR\ORT_Translation_v8_8_1\ORT_Runtime\provider_sources\ReazonSpeech\.git\objects\pack\pack-9cab3826bcb191e4ff6b1e3429e7c17387186acd.idx","3704","7/24/2026 11:09:41 PM"
"D:\AI TRANSLATOR\ORT_Translation_v8_8_1\ORT_Runtime\provider_sources\ReazonSpeech\.git\objects\pack\pack-9cab3826bcb191e4ff6b1e3429e7c17387186acd.pack","65635","7/24/2026 11:09:41 PM"
"D:\AI TRANSLATOR\ORT_Translation_v8_8_1\ORT_Runtime\provider_sources\ReazonSpeech\.git\objects\pack\pack-9cab3826bcb191e4ff6b1e3429e7c17387186acd.rev","428","7/24/2026 11:09:41 PM"
"D:\AI TRANSLATOR\ORT_Translation_v8_8_1\ORT_Runtime\provider_sources\ReazonSpeech\.git\refs\heads\master","41","7/24/2026 11:09:41 PM"
"D:\AI TRANSLATOR\ORT_Translation_v8_8_1\ORT_Runtime\provider_sources\ReazonSpeech\.git\refs\remotes\origin\HEAD","32","7/24/2026 11:09:41 PM"
"D:\AI TRANSLATOR\ORT_Translation_v8_8_1\ORT_Runtime\provider_sources\ReazonSpeech\colab\ReazonSpeech_v2_0.ipynb","4818","7/24/2026 11:09:41 PM"
"D:\AI TRANSLATOR\ORT_Translation_v8_8_1\ORT_Runtime\provider_sources\ReazonSpeech\colab\ReazonSpeech_v2_0_en.ipynb","4591","7/24/2026 11:09:41 PM"
"D:\AI TRANSLATOR\ORT_Translation_v8_8_1\ORT_Runtime\provider_sources\ReazonSpeech\pkg\avsr\pyproject.toml","529","7/24/2026 11:09:41 PM"
"D:\AI TRANSLATOR\ORT_Translation_v8_8_1\ORT_Runtime\provider_sources\ReazonSpeech\pkg\avsr\README.rst","3937","7/24/2026 11:09:41 PM"
"D:\AI TRANSLATOR\ORT_Translation_v8_8_1\ORT_Runtime\provider_sources\ReazonSpeech\pkg\avsr\src\__init__.py","1145","7/24/2026 11:09:41 PM"
"D:\AI TRANSLATOR\ORT_Translation_v8_8_1\ORT_Runtime\provider_sources\ReazonSpeech\pkg\avsr\src\avhubert\configuration_avhubert.py","6904","7/24/2026 11:09:41 PM"
"D:\AI TRANSLATOR\ORT_Translation_v8_8_1\ORT_Runtime\provider_sources\ReazonSpeech\pkg\avsr\src\avhubert\configuration_resnet.py","426","7/24/2026 11:09:41 PM"
"D:\AI TRANSLATOR\ORT_Translation_v8_8_1\ORT_Runtime\provider_sources\ReazonSpeech\pkg\avsr\src\avhubert\decoder.py","48878","7/24/2026 11:09:41 PM"
"D:\AI TRANSLATOR\ORT_Translation_v8_8_1\ORT_Runtime\provider_sources\ReazonSpeech\pkg\avsr\src\avhubert\feature_extraction_avhubert.py","13835","7/24/2026 11:09:41 PM"
"D:\AI TRANSLATOR\ORT_Translation_v8_8_1\ORT_Runtime\provider_sources\ReazonSpeech\pkg\avsr\src\avhubert\modeling_avhubert.py","18022","7/24/2026 11:09:41 PM"
"D:\AI TRANSLATOR\ORT_Translation_v8_8_1\ORT_Runtime\provider_sources\ReazonSpeech\pkg\avsr\src\avhubert\modeling_resnet.py","5777","7/24/2026 11:09:41 PM"
"D:\AI TRANSLATOR\ORT_Translation_v8_8_1\ORT_Runtime\provider_sources\ReazonSpeech\pkg\avsr\src\avhubert\processing_avhubert.py","5174","7/24/2026 11:09:41 PM"
"D:\AI TRANSLATOR\ORT_Translation_v8_8_1\ORT_Runtime\provider_sources\ReazonSpeech\pkg\avsr\src\avhubert\__init__.py","414","7/24/2026 11:09:41 PM"
"D:\AI TRANSLATOR\ORT_Translation_v8_8_1\ORT_Runtime\provider_sources\ReazonSpeech\pkg\espnet-asr\pyproject.toml","498","7/24/2026 11:09:41 PM"
"D:\AI TRANSLATOR\ORT_Translation_v8_8_1\ORT_Runtime\provider_sources\ReazonSpeech\pkg\espnet-asr\README.rst","934","7/24/2026 11:09:41 PM"
"D:\AI TRANSLATOR\ORT_Translation_v8_8_1\ORT_Runtime\provider_sources\ReazonSpeech\pkg\espnet-asr\src\audio.py","1376","7/24/2026 11:09:41 PM"
"D:\AI TRANSLATOR\ORT_Translation_v8_8_1\ORT_Runtime\provider_sources\ReazonSpeech\pkg\espnet-asr\src\cli.py","1839","7/24/2026 11:09:41 PM"
"D:\AI TRANSLATOR\ORT_Translation_v8_8_1\ORT_Runtime\provider_sources\ReazonSpeech\pkg\espnet-asr\src\ctc.py","3453","7/24/2026 11:09:41 PM"
"D:\AI TRANSLATOR\ORT_Translation_v8_8_1\ORT_Runtime\provider_sources\ReazonSpeech\pkg\espnet-asr\src\interface.py","464","7/24/2026 11:09:41 PM"
"D:\AI TRANSLATOR\ORT_Translation_v8_8_1\ORT_Runtime\provider_sources\ReazonSpeech\pkg\espnet-asr\src\transcribe.py","2452","7/24/2026 11:09:41 PM"
"D:\AI TRANSLATOR\ORT_Translation_v8_8_1\ORT_Runtime\provider_sources\ReazonSpeech\pkg\espnet-asr\src\writer.py","4609","7/24/2026 11:09:41 PM"
"D:\AI TRANSLATOR\ORT_Translation_v8_8_1\ORT_Runtime\provider_sources\ReazonSpeech\pkg\espnet-asr\src\__init__.py","162","7/24/2026 11:09:41 PM"
"D:\AI TRANSLATOR\ORT_Translation_v8_8_1\ORT_Runtime\provider_sources\ReazonSpeech\pkg\espnet-oneseg\pyproject.toml","412","7/24/2026 11:09:41 PM"
"D:\AI TRANSLATOR\ORT_Translation_v8_8_1\ORT_Runtime\provider_sources\ReazonSpeech\pkg\espnet-oneseg\README.rst","2810","7/24/2026 11:09:41 PM"
"D:\AI TRANSLATOR\ORT_Translation_v8_8_1\ORT_Runtime\provider_sources\ReazonSpeech\pkg\espnet-oneseg\src\align.py","3178","7/24/2026 11:09:41 PM"
"D:\AI TRANSLATOR\ORT_Translation_v8_8_1\ORT_Runtime\provider_sources\ReazonSpeech\pkg\espnet-oneseg\src\caption.py","9182","7/24/2026 11:09:41 PM"
"D:\AI TRANSLATOR\ORT_Translation_v8_8_1\ORT_Runtime\provider_sources\ReazonSpeech\pkg\espnet-oneseg\src\encoding.py","11492","7/24/2026 11:09:41 PM"
"D:\AI TRANSLATOR\ORT_Translation_v8_8_1\ORT_Runtime\provider_sources\ReazonSpeech\pkg\espnet-oneseg\src\interface.py","475","7/24/2026 11:09:41 PM"
"D:\AI TRANSLATOR\ORT_Translation_v8_8_1\ORT_Runtime\provider_sources\ReazonSpeech\pkg\espnet-oneseg\src\sentence.py","1795","7/24/2026 11:09:41 PM"
"D:\AI TRANSLATOR\ORT_Translation_v8_8_1\ORT_Runtime\provider_sources\ReazonSpeech\pkg\espnet-oneseg\src\text.py","1549","7/24/2026 11:09:41 PM"
"D:\AI TRANSLATOR\ORT_Translation_v8_8_1\ORT_Runtime\provider_sources\ReazonSpeech\pkg\espnet-oneseg\src\utils.py","1737","7/24/2026 11:09:41 PM"
"D:\AI TRANSLATOR\ORT_Translation_v8_8_1\ORT_Runtime\provider_sources\ReazonSpeech\pkg\espnet-oneseg\src\__init__.py","93","7/24/2026 11:09:41 PM"
"D:\AI TRANSLATOR\ORT_Translation_v8_8_1\ORT_Runtime\provider_sources\ReazonSpeech\pkg\espnet-oneseg\src\data\symbol.txt","338","7/24/2026 11:09:41 PM"
"D:\AI TRANSLATOR\ORT_Translation_v8_8_1\ORT_Runtime\provider_sources\ReazonSpeech\pkg\espnet-oneseg\src\data\__init__.py","0","7/24/2026 11:09:41 PM"
"D:\AI TRANSLATOR\ORT_Translation_v8_8_1\ORT_Runtime\provider_sources\ReazonSpeech\pkg\evaluation\pyproject.toml","432","7/24/2026 11:09:41 PM"
"D:\AI TRANSLATOR\ORT_Translation_v8_8_1\ORT_Runtime\provider_sources\ReazonSpeech\pkg\evaluation\README.rst","2437","7/24/2026 11:09:41 PM"
"D:\AI TRANSLATOR\ORT_Translation_v8_8_1\ORT_Runtime\provider_sources\ReazonSpeech\pkg\evaluation\examples\rs-espnet\eval.py","1805","7/24/2026 11:09:41 PM"
"D:\AI TRANSLATOR\ORT_Translation_v8_8_1\ORT_Runtime\provider_sources\ReazonSpeech\pkg\evaluation\examples\rs-espnet\requirements.txt","102","7/24/2026 11:09:41 PM"
"D:\AI TRANSLATOR\ORT_Translation_v8_8_1\ORT_Runtime\provider_sources\ReazonSpeech\pkg\evaluation\examples\rs-k2\eval.py","1894","7/24/2026 11:09:41 PM"
"D:\AI TRANSLATOR\ORT_Translation_v8_8_1\ORT_Runtime\provider_sources\ReazonSpeech\pkg\evaluation\examples\rs-k2\requirements.txt","81","7/24/2026 11:09:41 PM"
"D:\AI TRANSLATOR\ORT_Translation_v8_8_1\ORT_Runtime\provider_sources\ReazonSpeech\pkg\evaluation\examples\rs-nemo\eval.py","1861","7/24/2026 11:09:41 PM"
"D:\AI TRANSLATOR\ORT_Translation_v8_8_1\ORT_Runtime\provider_sources\ReazonSpeech\pkg\evaluation\examples\rs-nemo\requirements.txt","83","7/24/2026 11:09:41 PM"
"D:\AI TRANSLATOR\ORT_Translation_v8_8_1\ORT_Runtime\provider_sources\ReazonSpeech\pkg\evaluation\examples\whisper\eval.py","2598","7/24/2026 11:09:41 PM"
"D:\AI TRANSLATOR\ORT_Translation_v8_8_1\ORT_Runtime\provider_sources\ReazonSpeech\pkg\evaluation\examples\whisper\requirements.txt","14","7/24/2026 11:09:41 PM"
"D:\AI TRANSLATOR\ORT_Translation_v8_8_1\ORT_Runtime\provider_sources\ReazonSpeech\pkg\evaluation\src\base.py","12139","7/24/2026 11:09:41 PM"
"D:\AI TRANSLATOR\ORT_Translation_v8_8_1\ORT_Runtime\provider_sources\ReazonSpeech\pkg\evaluation\src\utils.py","1123","7/24/2026 11:09:41 PM"
"D:\AI TRANSLATOR\ORT_Translation_v8_8_1\ORT_Runtime\provider_sources\ReazonSpeech\pkg\evaluation\src\__init__.py","150","7/24/2026 11:09:41 PM"
"D:\AI TRANSLATOR\ORT_Translation_v8_8_1\ORT_Runtime\provider_sources\ReazonSpeech\pkg\k2-asr\pyproject.toml","323","7/24/2026 11:09:41 PM"
"D:\AI TRANSLATOR\ORT_Translation_v8_8_1\ORT_Runtime\provider_sources\ReazonSpeech\pkg\k2-asr\README.rst","1031","7/24/2026 11:09:41 PM"
"D:\AI TRANSLATOR\ORT_Translation_v8_8_1\ORT_Runtime\provider_sources\ReazonSpeech\pkg\k2-asr\build\lib\reazonspeech\k2\asr\audio.py","2119","7/24/2026 11:09:41 PM"
"D:\AI TRANSLATOR\ORT_Translation_v8_8_1\ORT_Runtime\provider_sources\ReazonSpeech\pkg\k2-asr\build\lib\reazonspeech\k2\asr\huggingface.py","3066","7/24/2026 11:09:41 PM"
"D:\AI TRANSLATOR\ORT_Translation_v8_8_1\ORT_Runtime\provider_sources\ReazonSpeech\pkg\k2-asr\build\lib\reazonspeech\k2\asr\interface.py","548","7/24/2026 11:09:41 PM"
"D:\AI TRANSLATOR\ORT_Translation_v8_8_1\ORT_Runtime\provider_sources\ReazonSpeech\pkg\k2-asr\build\lib\reazonspeech\k2\asr\transcribe.py","1460","7/24/2026 11:09:41 PM"
"D:\AI TRANSLATOR\ORT_Translation_v8_8_1\ORT_Runtime\provider_sources\ReazonSpeech\pkg\k2-asr\build\lib\reazonspeech\k2\asr\__init__.py","187","7/24/2026 11:09:41 PM"
"D:\AI TRANSLATOR\ORT_Translation_v8_8_1\ORT_Runtime\provider_sources\ReazonSpeech\pkg\k2-asr\reazonspeech_k2_asr.egg-info\dependency_links.txt","1","7/25/2026 1:43:51 AM"
"D:\AI TRANSLATOR\ORT_Translation_v8_8_1\ORT_Runtime\provider_sources\ReazonSpeech\pkg\k2-asr\reazonspeech_k2_asr.egg-info\PKG-INFO","198","7/25/2026 1:43:51 AM"
"D:\AI TRANSLATOR\ORT_Translation_v8_8_1\ORT_Runtime\provider_sources\ReazonSpeech\pkg\k2-asr\reazonspeech_k2_asr.egg-info\requires.txt","52","7/25/2026 1:43:51 AM"
"D:\AI TRANSLATOR\ORT_Translation_v8_8_1\ORT_Runtime\provider_sources\ReazonSpeech\pkg\k2-asr\reazonspeech_k2_asr.egg-info\SOURCES.txt","322","7/25/2026 1:43:51 AM"
"D:\AI TRANSLATOR\ORT_Translation_v8_8_1\ORT_Runtime\provider_sources\ReazonSpeech\pkg\k2-asr\reazonspeech_k2_asr.egg-info\top_level.txt","13","7/25/2026 1:43:51 AM"
"D:\AI TRANSLATOR\ORT_Translation_v8_8_1\ORT_Runtime\provider_sources\ReazonSpeech\pkg\k2-asr\src\audio.py","2119","7/24/2026 11:09:41 PM"
"D:\AI TRANSLATOR\ORT_Translation_v8_8_1\ORT_Runtime\provider_sources\ReazonSpeech\pkg\k2-asr\src\huggingface.py","3066","7/24/2026 11:09:41 PM"
"D:\AI TRANSLATOR\ORT_Translation_v8_8_1\ORT_Runtime\provider_sources\ReazonSpeech\pkg\k2-asr\src\interface.py","548","7/24/2026 11:09:41 PM"
"D:\AI TRANSLATOR\ORT_Translation_v8_8_1\ORT_Runtime\provider_sources\ReazonSpeech\pkg\k2-asr\src\transcribe.py","1460","7/24/2026 11:09:41 PM"
"D:\AI TRANSLATOR\ORT_Translation_v8_8_1\ORT_Runtime\provider_sources\ReazonSpeech\pkg\k2-asr\src\__init__.py","187","7/24/2026 11:09:41 PM"
"D:\AI TRANSLATOR\ORT_Translation_v8_8_1\ORT_Runtime\provider_sources\ReazonSpeech\pkg\nemo-asr\pyproject.toml","421","7/24/2026 11:09:41 PM"
"D:\AI TRANSLATOR\ORT_Translation_v8_8_1\ORT_Runtime\provider_sources\ReazonSpeech\pkg\nemo-asr\README.rst","918","7/24/2026 11:09:41 PM"
"D:\AI TRANSLATOR\ORT_Translation_v8_8_1\ORT_Runtime\provider_sources\ReazonSpeech\pkg\nemo-asr\src\audio.py","2119","7/24/2026 11:09:41 PM"
"D:\AI TRANSLATOR\ORT_Translation_v8_8_1\ORT_Runtime\provider_sources\ReazonSpeech\pkg\nemo-asr\src\cli.py","1833","7/24/2026 11:09:41 PM"
"D:\AI TRANSLATOR\ORT_Translation_v8_8_1\ORT_Runtime\provider_sources\ReazonSpeech\pkg\nemo-asr\src\decode.py","2743","7/24/2026 11:09:41 PM"
"D:\AI TRANSLATOR\ORT_Translation_v8_8_1\ORT_Runtime\provider_sources\ReazonSpeech\pkg\nemo-asr\src\fs.py","369","7/24/2026 11:09:41 PM"
"D:\AI TRANSLATOR\ORT_Translation_v8_8_1\ORT_Runtime\provider_sources\ReazonSpeech\pkg\nemo-asr\src\interface.py","810","7/24/2026 11:09:41 PM"
"D:\AI TRANSLATOR\ORT_Translation_v8_8_1\ORT_Runtime\provider_sources\ReazonSpeech\pkg\nemo-asr\src\transcribe.py","1683","7/24/2026 11:09:41 PM"
"D:\AI TRANSLATOR\ORT_Translation_v8_8_1\ORT_Runtime\provider_sources\ReazonSpeech\pkg\nemo-asr\src\writer.py","4609","7/24/2026 11:09:41 PM"
"D:\AI TRANSLATOR\ORT_Translation_v8_8_1\ORT_Runtime\provider_sources\ReazonSpeech\pkg\nemo-asr\src\__init__.py","162","7/24/2026 11:09:41 PM"
"D:\AI TRANSLATOR\ORT_Translation_v8_8_1\ORT_Runtime\provider_sources\ReazonSpeech\pkg\_v1\src\align.py","3178","7/24/2026 11:09:41 PM"
"D:\AI TRANSLATOR\ORT_Translation_v8_8_1\ORT_Runtime\provider_sources\ReazonSpeech\pkg\_v1\src\caption.py","9182","7/24/2026 11:09:41 PM"
"D:\AI TRANSLATOR\ORT_Translation_v8_8_1\ORT_Runtime\provider_sources\ReazonSpeech\pkg\_v1\src\cli.py","6214","7/24/2026 11:09:41 PM"
"D:\AI TRANSLATOR\ORT_Translation_v8_8_1\ORT_Runtime\provider_sources\ReazonSpeech\pkg\_v1\src\encoding.py","11492","7/24/2026 11:09:41 PM"
"D:\AI TRANSLATOR\ORT_Translation_v8_8_1\ORT_Runtime\provider_sources\ReazonSpeech\pkg\_v1\src\interface.py","699","7/24/2026 11:09:41 PM"
"D:\AI TRANSLATOR\ORT_Translation_v8_8_1\ORT_Runtime\provider_sources\ReazonSpeech\pkg\_v1\src\sentence.py","1795","7/24/2026 11:09:41 PM"
"D:\AI TRANSLATOR\ORT_Translation_v8_8_1\ORT_Runtime\provider_sources\ReazonSpeech\pkg\_v1\src\text.py","1549","7/24/2026 11:09:41 PM"
"D:\AI TRANSLATOR\ORT_Translation_v8_8_1\ORT_Runtime\provider_sources\ReazonSpeech\pkg\_v1\src\transcribe.py","5508","7/24/2026 11:09:41 PM"
"D:\AI TRANSLATOR\ORT_Translation_v8_8_1\ORT_Runtime\provider_sources\ReazonSpeech\pkg\_v1\src\utils.py","1737","7/24/2026 11:09:41 PM"
"D:\AI TRANSLATOR\ORT_Translation_v8_8_1\ORT_Runtime\provider_sources\ReazonSpeech\pkg\_v1\src\__init__.py","120","7/24/2026 11:09:41 PM"
"D:\AI TRANSLATOR\ORT_Translation_v8_8_1\ORT_Runtime\provider_sources\ReazonSpeech\pkg\_v1\src\data\symbol.txt","338","7/24/2026 11:09:41 PM"
"D:\AI TRANSLATOR\ORT_Translation_v8_8_1\ORT_Runtime\provider_sources\ReazonSpeech\pkg\_v1\src\data\__init__.py","0","7/24/2026 11:09:41 PM"
"D:\AI TRANSLATOR\ORT_Translation_v8_8_1\payload\ORT_App\tools\reazon_offline_model_tool.py","4536","7/25/2026 12:11:46 PM"
"D:\AI TRANSLATOR\ORT_Translation_v8_8_1\payload\ORT_App\tools\v9_0_4_r5_f2_reazon_direct_manifest_test.py","3388","7/25/2026 11:49:28 AM"
"D:\AI TRANSLATOR\ORT_Translation_v8_8_1\payload\ORT_App\tools\v9_0_5_r2_reazon_offline_cuda_repair_test.py","2024","7/25/2026 1:08:04 PM"
"D:\AI TRANSLATOR\ORT_Translation_v8_8_1\__pycache__\APPLY_ORT_V9_0_5_R2_REAZON_REPAIR.cpython-313.pyc","5123","7/25/2026 12:09:50 PM"
