"BackupName","FullPath","LastWriteTime","FileCount","SizeBytes","SizeMB"
"ORT_V9_0_5_R3_PROVIDER_REPAIR_20260725_203252","D:\AI TRANSLATOR\ORT_Translation_v8_8_1\ORT\backups\ORT_V9_0_5_R3_PROVIDER_REPAIR_20260725_203252","2026-07-25T20:32:52.7748306+07:00","7","81366","0.08"
"ORT_V9_0_5_R3_PROVIDER_REPAIR_20260725_202300","D:\AI TRANSLATOR\ORT_Translation_v8_8_1\ORT\backups\ORT_V9_0_5_R3_PROVIDER_REPAIR_20260725_202300","2026-07-25T20:23:00.6420052+07:00","7","81366","0.08"
"v9_0_5_r2_20260725_194009","D:\AI TRANSLATOR\ORT_Translation_v8_8_1\ORT\backups\v9_0_5_r2_20260725_194009","2026-07-25T19:40:09.6389333+07:00","33","477295","0.46"
"v9_0_5_r2_20260725_191839","D:\AI TRANSLATOR\ORT_Translation_v8_8_1\ORT\backups\v9_0_5_r2_20260725_191839","2026-07-25T19:18:39.1319426+07:00","23","416197","0.4"
"ORT_V9_0_4_R5_F2_REAZON_DIRECT_MANIFEST_20260725_021036","D:\AI TRANSLATOR\ORT_Translation_v8_8_1\ORT\backups\ORT_V9_0_4_R5_F2_REAZON_DIRECT_MANIFEST_20260725_021036","2026-07-25T02:10:36.1926611+07:00","5","70108","0.07"
"ORT_V9_0_4_R5_F2_REAZON_DIRECT_MANIFEST_20260725_020513","D:\AI TRANSLATOR\ORT_Translation_v8_8_1\ORT\backups\ORT_V9_0_4_R5_F2_REAZON_DIRECT_MANIFEST_20260725_020513","2026-07-25T02:05:13.6974337+07:00","5","70108","0.07"
"ORT_V9_0_4_R5_F1_PROJECT_ROOT_REPAIR_20260725_013338","D:\AI TRANSLATOR\ORT_Translation_v8_8_1\ORT\backups\ORT_V9_0_4_R5_F1_PROJECT_ROOT_REPAIR_20260725_013338","2026-07-25T01:33:38.1592938+07:00","4","209466","0.2"
"ORT_V9_0_4_R4_F3_WEBUI_CALLBACK_CONTRACT_20260725_005623","D:\AI TRANSLATOR\ORT_Translation_v8_8_1\ORT\backups\ORT_V9_0_4_R4_F3_WEBUI_CALLBACK_CONTRACT_20260725_005623","2026-07-25T00:56:23.1398367+07:00","2","181239","0.17"
"ORT_V9_0_4_R4_F2_WEBUI_CALLBACK_AUDIT_20260725_004002","D:\AI TRANSLATOR\ORT_Translation_v8_8_1\ORT\backups\ORT_V9_0_4_R4_F2_WEBUI_CALLBACK_AUDIT_20260725_004002","2026-07-25T00:40:02.5444482+07:00","2","181239","0.17"
"ORT_V9_0_4_R4_F2_WEBUI_CALLBACK_AUDIT_20260725_004000","D:\AI TRANSLATOR\ORT_Translation_v8_8_1\ORT\backups\ORT_V9_0_4_R4_F2_WEBUI_CALLBACK_AUDIT_20260725_004000","2026-07-25T00:40:00.0927081+07:00","2","181239","0.17"
"ORT_V9_0_4_R4_F2_WEBUI_CALLBACK_AUDIT_20260725_003922","D:\AI TRANSLATOR\ORT_Translation_v8_8_1\ORT\backups\ORT_V9_0_4_R4_F2_WEBUI_CALLBACK_AUDIT_20260725_003922","2026-07-25T00:39:22.9327922+07:00","2","181239","0.17"
"ORT_V9_0_4_R4_F2_WEBUI_CALLBACK_AUDIT_20260725_003920","D:\AI TRANSLATOR\ORT_Translation_v8_8_1\ORT\backups\ORT_V9_0_4_R4_F2_WEBUI_CALLBACK_AUDIT_20260725_003920","2026-07-25T00:39:20.0359635+07:00","2","181239","0.17"
"ORT_V9_0_4_R4_F2_WEBUI_CALLBACK_AUDIT_20260725_003917","D:\AI TRANSLATOR\ORT_Translation_v8_8_1\ORT\backups\ORT_V9_0_4_R4_F2_WEBUI_CALLBACK_AUDIT_20260725_003917","2026-07-25T00:39:17.3788352+07:00","2","181239","0.17"
"ORT_V9_0_4_R4_F1_WEBUI_STARTUP_NAMEERROR_20260725_002953","D:\AI TRANSLATOR\ORT_Translation_v8_8_1\ORT\backups\ORT_V9_0_4_R4_F1_WEBUI_STARTUP_NAMEERROR_20260725_002953","2026-07-25T00:29:53.9458865+07:00","2","181239","0.17"
"ORT_V9_0_4_R4_F1_WEBUI_STARTUP_NAMEERROR_20260725_002941","D:\AI TRANSLATOR\ORT_Translation_v8_8_1\ORT\backups\ORT_V9_0_4_R4_F1_WEBUI_STARTUP_NAMEERROR_20260725_002941","2026-07-25T00:29:41.2814097+07:00","2","181239","0.17"
"ORT_V9_0_4_R4_PROVIDER_SETUP_PROGRESS_STATUS_UI_20260725_002044","D:\AI TRANSLATOR\ORT_Translation_v8_8_1\ORT\backups\ORT_V9_0_4_R4_PROVIDER_SETUP_PROGRESS_STATUS_UI_20260725_002044","2026-07-25T00:20:44.0471654+07:00","9","339656","0.32"
"ORT_V9_0_4_R4_PROVIDER_SETUP_PROGRESS_STATUS_UI_20260725_002036","D:\AI TRANSLATOR\ORT_Translation_v8_8_1\ORT\backups\ORT_V9_0_4_R4_PROVIDER_SETUP_PROGRESS_STATUS_UI_20260725_002036","2026-07-25T00:20:36.5183330+07:00","9","339656","0.32"
"ORT_V9_0_4_R3_REAZON_BRIDGE_PREVIEW_REPAIR_20260724_234632","D:\AI TRANSLATOR\ORT_Translation_v8_8_1\ORT\backups\ORT_V9_0_4_R3_REAZON_BRIDGE_PREVIEW_REPAIR_20260724_234632","2026-07-24T23:46:32.7442549+07:00","8","324099","0.31"
"ORT_V9_0_4_R3_REAZON_BRIDGE_PREVIEW_REPAIR_20260724_234508","D:\AI TRANSLATOR\ORT_Translation_v8_8_1\ORT\backups\ORT_V9_0_4_R3_REAZON_BRIDGE_PREVIEW_REPAIR_20260724_234508","2026-07-24T23:45:08.7605028+07:00","8","324099","0.31"
"ORT_V9_0_4_CLOUD_LOCKED_PROVIDER_BENCHMARK_20260724_230736","D:\AI TRANSLATOR\ORT_Translation_v8_8_1\ORT\backups\ORT_V9_0_4_CLOUD_LOCKED_PROVIDER_BENCHMARK_20260724_230736","2026-07-24T23:07:36.7072186+07:00","17","430682","0.41"
"ORT_V9_0_4_CLOUD_LOCKED_PROVIDER_BENCHMARK_20260724_230606","D:\AI TRANSLATOR\ORT_Translation_v8_8_1\ORT\backups\ORT_V9_0_4_CLOUD_LOCKED_PROVIDER_BENCHMARK_20260724_230606","2026-07-24T23:06:06.8366277+07:00","17","430682","0.41"
"ORT_V9_0_3_STABILITY_REALTIME_DIAGNOSTICS_20260724_221748","D:\AI TRANSLATOR\ORT_Translation_v8_8_1\ORT\backups\ORT_V9_0_3_STABILITY_REALTIME_DIAGNOSTICS_20260724_221748","2026-07-24T22:17:48.3964708+07:00","15","389748","0.37"
"ORT_V9_0_2_ADAPTIVE_TURN_OVERLAY_INCREMENTAL_ID_20260724_202802","D:\AI TRANSLATOR\ORT_Translation_v8_8_1\ORT\backups\ORT_V9_0_2_ADAPTIVE_TURN_OVERLAY_INCREMENTAL_ID_20260724_202802","2026-07-24T20:28:02.9185805+07:00","14","359156","0.34"
"ORT_V9_0_2_ADAPTIVE_TURN_OVERLAY_INCREMENTAL_ID_20260724_202301","D:\AI TRANSLATOR\ORT_Translation_v8_8_1\ORT\backups\ORT_V9_0_2_ADAPTIVE_TURN_OVERLAY_INCREMENTAL_ID_20260724_202301","2026-07-24T20:23:01.9412889+07:00","14","359156","0.34"
"ORT_V9_0_2_ADAPTIVE_TURN_OVERLAY_INCREMENTAL_ID_20260724_201646","D:\AI TRANSLATOR\ORT_Translation_v8_8_1\ORT\backups\ORT_V9_0_2_ADAPTIVE_TURN_OVERLAY_INCREMENTAL_ID_20260724_201646","2026-07-24T20:16:46.0623038+07:00","14","359156","0.34"
"ORT_V9_0_1_AUDIO_LAB_PRELOAD_WATCHDOG_20260724_191143","D:\AI TRANSLATOR\ORT_Translation_v8_8_1\ORT\backups\ORT_V9_0_1_AUDIO_LAB_PRELOAD_WATCHDOG_20260724_191143","2026-07-24T19:11:43.4626898+07:00","12","330556","0.32"
"ORT_V9_0_0_R2_LAB_RUNTIME_DEVELOPER_MODE_20260724_155216","D:\AI TRANSLATOR\ORT_Translation_v8_8_1\ORT\backups\ORT_V9_0_0_R2_LAB_RUNTIME_DEVELOPER_MODE_20260724_155216","2026-07-24T15:52:16.8273060+07:00","9","336189","0.32"
